attack,column,missing_count,rows
blackhole,SEGMENT_ID,43074,43442
blackhole,APP_LAYER_ARRIVAL_TIME(US),43074,43442
blackhole,TRX_LAYER_ARRIVAL_TIME(US),43074,43442
blackhole,NW_LAYER_ARRIVAL_TIME(US),7071,43442
blackhole,APP_LAYER_PAYLOAD(Bytes),43074,43442
blackhole,TRX_LAYER_PAYLOAD(Bytes),43074,43442
blackhole,NW_LAYER_PAYLOAD(Bytes),7071,43442
blackhole,LOCAL_ADDRESS,43442,43442
blackhole,REMOTE_ADDRESS,43442,43442
blackhole,CWND,43442,43442
blackhole,SEQ_NO,43442,43442
blackhole,ACK_NO,43442,43442
blackhole,isSyn,43442,43442
blackhole,isAck,43442,43442
blackhole,isFin,43442,43442
blackhole,SEGMENT_LEN,43442,43442
blackhole,RSSI(dbm),33,43442
blackhole,TX_RX_Distance,33,43442
blackhole,Node_Type,16,43442
blackhole,NEIGHBOUR_COUNT,16,43442
blackhole,Source_Rank,16,43442
blackhole,Parrent_Node,2328,43442
blackhole,Number_of_Sibils,2328,43442
blackhole,Parents_Count,2328,43442
blackhole,LQ_SN_PN,2328,43442
blackhole,Sibiling_Same_Parent,32514,43442
blackhole,CMP_LQ_PP_OP,2328,43442
blackhole,Src_DAOAck_count,36371,43442
blackhole,Trs_DAOAck_count,36371,43442
blackhole,Dst_DAOAck_count,36371,43442
blackhole,RANK_ALT_COUNT,2328,43442
blackhole,CHILD_COUNT,2328,43442
blackhole,hop_count,43107,43442
blackhole,same_parent,368,43442
blackhole,Avg_hop_count,43107,43442
blackhole,PRT_BST_LQ,2328,43442
blackhole,PKT_E2E_DELAY,43107,43442
blackhole,pkt_loss,43107,43442
blackhole,cpkt_loss,368,43442
blackhole,Trp_app_count,43107,43442
dio_suppression,SEGMENT_ID,117779,117991
dio_suppression,APP_LAYER_ARRIVAL_TIME(US),117779,117991
dio_suppression,TRX_LAYER_ARRIVAL_TIME(US),117779,117991
dio_suppression,APP_LAYER_PAYLOAD(Bytes),117779,117991
dio_suppression,TRX_LAYER_PAYLOAD(Bytes),117779,117991
dio_suppression,LOCAL_ADDRESS,117991,117991
dio_suppression,REMOTE_ADDRESS,117991,117991
dio_suppression,CWND,117991,117991
dio_suppression,SEQ_NO,117991,117991
dio_suppression,ACK_NO,117991,117991
dio_suppression,isSyn,117991,117991
dio_suppression,isAck,117991,117991
dio_suppression,isFin,117991,117991
dio_suppression,SEGMENT_LEN,117991,117991
dio_suppression,RSSI(dbm),135,117991
dio_suppression,TX_RX_Distance,135,117991
dio_suppression,Node_Type,11,117991
dio_suppression,NEIGHBOUR_COUNT,11,117991
dio_suppression,Source_Rank,11,117991
dio_suppression,Parrent_Node,11802,117991
dio_suppression,Number_of_Sibils,11802,117991
dio_suppression,Parents_Count,11802,117991
dio_suppression,LQ_SN_PN,11802,117991
dio_suppression,Sibiling_Same_Parent,21163,117991
dio_suppression,CMP_LQ_PP_OP,11802,117991
dio_suppression,Src_DAOAck_count,117991,117991
dio_suppression,Trs_DAOAck_count,117991,117991
dio_suppression,Dst_DAOAck_count,117991,117991
dio_suppression,RANK_ALT_COUNT,75,117991
dio_suppression,CHILD_COUNT,11802,117991
dio_suppression,hop_count,117802,117991
dio_suppression,same_parent,212,117991
dio_suppression,Avg_hop_count,117802,117991
dio_suppression,PRT_BST_LQ,11802,117991
dio_suppression,PKT_E2E_DELAY,117991,117991
dio_suppression,pkt_loss,117802,117991
dio_suppression,cpkt_loss,212,117991
dio_suppression,Trp_app_count,117914,117991
dis_flooding,SEGMENT_ID,65480,65740
dis_flooding,APP_LAYER_ARRIVAL_TIME(US),65480,65740
dis_flooding,TRX_LAYER_ARRIVAL_TIME(US),65480,65740
dis_flooding,NW_LAYER_ARRIVAL_TIME(US),504,65740
dis_flooding,APP_LAYER_PAYLOAD(Bytes),65480,65740
dis_flooding,TRX_LAYER_PAYLOAD(Bytes),65480,65740
dis_flooding,NW_LAYER_PAYLOAD(Bytes),504,65740
dis_flooding,LOCAL_ADDRESS,65740,65740
dis_flooding,REMOTE_ADDRESS,65740,65740
dis_flooding,CWND,65740,65740
dis_flooding,SEQ_NO,65740,65740
dis_flooding,ACK_NO,65740,65740
dis_flooding,isSyn,65740,65740
dis_flooding,isAck,65740,65740
dis_flooding,isFin,65740,65740
dis_flooding,SEGMENT_LEN,65740,65740
dis_flooding,RSSI(dbm),101,65740
dis_flooding,TX_RX_Distance,101,65740
dis_flooding,Node_Type,8,65740
dis_flooding,NEIGHBOUR_COUNT,8,65740
dis_flooding,Source_Rank,8,65740
dis_flooding,Parrent_Node,24209,65740
dis_flooding,Number_of_Sibils,24209,65740
dis_flooding,Parents_Count,24209,65740
dis_flooding,LQ_SN_PN,24209,65740
dis_flooding,Sibiling_Same_Parent,50474,65740
dis_flooding,CMP_LQ_PP_OP,24209,65740
dis_flooding,Src_DAOAck_count,65236,65740
dis_flooding,Trs_DAOAck_count,65236,65740
dis_flooding,Dst_DAOAck_count,65236,65740
dis_flooding,RANK_ALT_COUNT,6185,65740
dis_flooding,CHILD_COUNT,24209,65740
dis_flooding,hop_count,65497,65740
dis_flooding,same_parent,260,65740
dis_flooding,Avg_hop_count,65497,65740
dis_flooding,PRT_BST_LQ,24209,65740
dis_flooding,PKT_E2E_DELAY,65646,65740
dis_flooding,pkt_loss,65497,65740
dis_flooding,cpkt_loss,260,65740
dis_flooding,Trp_app_count,65581,65740
grayhole,SEGMENT_ID,92037,92396
grayhole,APP_LAYER_ARRIVAL_TIME(US),92037,92396
grayhole,TRX_LAYER_ARRIVAL_TIME(US),92037,92396
grayhole,NW_LAYER_ARRIVAL_TIME(US),3333,92396
grayhole,APP_LAYER_PAYLOAD(Bytes),92037,92396
grayhole,TRX_LAYER_PAYLOAD(Bytes),92037,92396
grayhole,NW_LAYER_PAYLOAD(Bytes),3333,92396
grayhole,LOCAL_ADDRESS,92396,92396
grayhole,REMOTE_ADDRESS,92396,92396
grayhole,CWND,92396,92396
grayhole,SEQ_NO,92396,92396
grayhole,ACK_NO,92396,92396
grayhole,isSyn,92396,92396
grayhole,isAck,92396,92396
grayhole,isFin,92396,92396
grayhole,SEGMENT_LEN,92396,92396
grayhole,RSSI(dbm),107,92396
grayhole,TX_RX_Distance,107,92396
grayhole,Node_Type,11,92396
grayhole,NEIGHBOUR_COUNT,11,92396
grayhole,Source_Rank,11,92396
grayhole,Parrent_Node,1430,92396
grayhole,Number_of_Sibils,1430,92396
grayhole,Parents_Count,1430,92396
grayhole,LQ_SN_PN,1430,92396
grayhole,Sibiling_Same_Parent,5258,92396
grayhole,CMP_LQ_PP_OP,1430,92396
grayhole,Src_DAOAck_count,89063,92396
grayhole,Trs_DAOAck_count,89063,92396
grayhole,Dst_DAOAck_count,89063,92396
grayhole,RANK_ALT_COUNT,1430,92396
grayhole,CHILD_COUNT,1430,92396
grayhole,hop_count,92060,92396
grayhole,same_parent,359,92396
grayhole,Avg_hop_count,92060,92396
grayhole,PRT_BST_LQ,1430,92396
grayhole,PKT_E2E_DELAY,92207,92396
grayhole,pkt_loss,92060,92396
grayhole,cpkt_loss,359,92396
grayhole,Trp_app_count,92144,92396
increase_rank,SEGMENT_ID,222378,222706
increase_rank,APP_LAYER_ARRIVAL_TIME(US),222378,222706
increase_rank,TRX_LAYER_ARRIVAL_TIME(US),222378,222706
increase_rank,NW_LAYER_ARRIVAL_TIME(US),3363,222706
increase_rank,APP_LAYER_PAYLOAD(Bytes),222378,222706
increase_rank,TRX_LAYER_PAYLOAD(Bytes),222378,222706
increase_rank,NW_LAYER_PAYLOAD(Bytes),3363,222706
increase_rank,LOCAL_ADDRESS,222706,222706
increase_rank,REMOTE_ADDRESS,222706,222706
increase_rank,CWND,222706,222706
increase_rank,SEQ_NO,222706,222706
increase_rank,ACK_NO,222706,222706
increase_rank,isSyn,222706,222706
increase_rank,isAck,222706,222706
increase_rank,isFin,222706,222706
increase_rank,SEGMENT_LEN,222706,222706
increase_rank,RSSI(dbm),135,222706
increase_rank,TX_RX_Distance,135,222706
increase_rank,Node_Type,11,222706
increase_rank,NEIGHBOUR_COUNT,11,222706
increase_rank,Source_Rank,11,222706
increase_rank,Parrent_Node,1133,222706
increase_rank,Number_of_Sibils,1133,222706
increase_rank,Parents_Count,1133,222706
increase_rank,LQ_SN_PN,1133,222706
increase_rank,Sibiling_Same_Parent,90534,222706
increase_rank,CMP_LQ_PP_OP,1133,222706
increase_rank,Src_DAOAck_count,219343,222706
increase_rank,Trs_DAOAck_count,219343,222706
increase_rank,Dst_DAOAck_count,219343,222706
increase_rank,RANK_ALT_COUNT,1133,222706
increase_rank,CHILD_COUNT,1133,222706
increase_rank,hop_count,222401,222706
increase_rank,same_parent,328,222706
increase_rank,Avg_hop_count,222401,222706
increase_rank,PRT_BST_LQ,1133,222706
increase_rank,PKT_E2E_DELAY,222588,222706
increase_rank,pkt_loss,222401,222706
increase_rank,cpkt_loss,328,222706
increase_rank,Trp_app_count,222513,222706
sinkhole,SEGMENT_ID,25043,26003
sinkhole,APP_LAYER_ARRIVAL_TIME(US),25043,26003
sinkhole,TRX_LAYER_ARRIVAL_TIME(US),25043,26003
sinkhole,NW_LAYER_ARRIVAL_TIME(US),6345,26003
sinkhole,APP_LAYER_PAYLOAD(Bytes),25043,26003
sinkhole,TRX_LAYER_PAYLOAD(Bytes),25043,26003
sinkhole,NW_LAYER_PAYLOAD(Bytes),6345,26003
sinkhole,LOCAL_ADDRESS,26003,26003
sinkhole,REMOTE_ADDRESS,26003,26003
sinkhole,CWND,26003,26003
sinkhole,SEQ_NO,26003,26003
sinkhole,ACK_NO,26003,26003
sinkhole,isSyn,26003,26003
sinkhole,isAck,26003,26003
sinkhole,isFin,26003,26003
sinkhole,SEGMENT_LEN,26003,26003
sinkhole,RSSI(dbm),391,26003
sinkhole,TX_RX_Distance,391,26003
sinkhole,Node_Type,16,26003
sinkhole,NEIGHBOUR_COUNT,16,26003
sinkhole,Source_Rank,16,26003
sinkhole,Parrent_Node,1791,26003
sinkhole,Number_of_Sibils,1791,26003
sinkhole,Parents_Count,1791,26003
sinkhole,LQ_SN_PN,1791,26003
sinkhole,Sibiling_Same_Parent,10434,26003
sinkhole,CMP_LQ_PP_OP,1791,26003
sinkhole,Src_DAOAck_count,19658,26003
sinkhole,Trs_DAOAck_count,19658,26003
sinkhole,Dst_DAOAck_count,19658,26003
sinkhole,RANK_ALT_COUNT,1791,26003
sinkhole,CHILD_COUNT,1791,26003
sinkhole,hop_count,25076,26003
sinkhole,same_parent,960,26003
sinkhole,Avg_hop_count,25076,26003
sinkhole,PRT_BST_LQ,1791,26003
sinkhole,PKT_E2E_DELAY,25751,26003
sinkhole,pkt_loss,25076,26003
sinkhole,cpkt_loss,960,26003
sinkhole,Trp_app_count,25434,26003
wormhole,SEGMENT_ID,189122,189683
wormhole,APP_LAYER_ARRIVAL_TIME(US),189122,189683
wormhole,TRX_LAYER_ARRIVAL_TIME(US),189122,189683
wormhole,NW_LAYER_ARRIVAL_TIME(US),4406,189683
wormhole,APP_LAYER_PAYLOAD(Bytes),189122,189683
wormhole,TRX_LAYER_PAYLOAD(Bytes),189122,189683
wormhole,NW_LAYER_PAYLOAD(Bytes),4406,189683
wormhole,LOCAL_ADDRESS,189683,189683
wormhole,REMOTE_ADDRESS,189683,189683
wormhole,CWND,189683,189683
wormhole,SEQ_NO,189683,189683
wormhole,ACK_NO,189683,189683
wormhole,isSyn,189683,189683
wormhole,isAck,189683,189683
wormhole,isFin,189683,189683
wormhole,SEGMENT_LEN,189683,189683
wormhole,RSSI(dbm),157,189683
wormhole,TX_RX_Distance,157,189683
wormhole,Node_Type,11,189683
wormhole,NEIGHBOUR_COUNT,11,189683
wormhole,Source_Rank,11,189683
wormhole,Parrent_Node,204,189683
wormhole,Number_of_Sibils,204,189683
wormhole,Parents_Count,204,189683
wormhole,LQ_SN_PN,204,189683
wormhole,Sibiling_Same_Parent,139713,189683
wormhole,CMP_LQ_PP_OP,204,189683
wormhole,Src_DAOAck_count,185277,189683
wormhole,Trs_DAOAck_count,185277,189683
wormhole,Dst_DAOAck_count,185277,189683
wormhole,RANK_ALT_COUNT,204,189683
wormhole,CHILD_COUNT,204,189683
wormhole,hop_count,189145,189683
wormhole,same_parent,561,189683
wormhole,Avg_hop_count,189145,189683
wormhole,PRT_BST_LQ,204,189683
wormhole,PKT_E2E_DELAY,189483,189683
wormhole,pkt_loss,189145,189683
wormhole,cpkt_loss,561,189683
wormhole,Trp_app_count,189279,189683
