alert_id,family_hidden_from_prompt,seed,window_start_s,window_end_s,top_feature_1,top_feature_2,top_feature_3,trust_forwarding_alert,trust_rank_alert,trust_control_alert,trust_route_alert
rpl-blackhole-123456-420,blackhole,123456,420,480,app_rx_delta,trust_forwarding_alert,trust_any_alert,1,0,0,0
rpl-dio_suppression-123456-420,dio_suppression,123456,420,480,dio_tx_count,attacker_node16_radio_tx,radio_tx_count,0,0,0,0
rpl-dis_flood-123456-420,dis_flood,123456,420,480,dis_tx_count,dio_tx_count,trust_control_alert,0,0,1,0
rpl-grayhole-123456-420,grayhole,123456,420,480,dio_tx_count,dio_rx_count,unique_dio_senders,0,0,0,0
rpl-increase_rank-123456-480,increase_rank,123456,480,540,attacker_node16_radio_tx,app_rx_delta,dio_rx_count,1,0,0,0
rpl-sinkhole-123456-300,sinkhole,123456,300,360,dio_rx_low_rank_nonroot_count,state_low_rank_nonroot_pairs,state_receivers_exposed_low_rank_nonroot,0,1,0,0
rpl-sybil-123456-300,sybil,123456,300,360,dio_tx_count,trust_control_alert,trust_any_alert,0,0,1,0
rpl-wormhole-123456-240,wormhole,123456,240,300,dao_tx_count,parent_switch_count,dio_tx_count,0,0,0,0
rpl-worst_parent-123456-300,worst_parent,123456,300,360,dio_rx_count,parent_switch_count,dio_tx_count,0,0,1,1
