run_id,family,mode,binary_run_label,window_label,nodes,seed,window_start_s,window_end_s,post_activation,app_tx_delta,app_rx_delta,app_missed_delta,app_reporting_nodes,parent_found_events,no_parent_events,radio_tx_count,radio_bytes,radio_interfered_count,unique_radio_senders,attacker_node16_radio_tx,root_node1_radio_tx,sinkhole_attack_enabled_events,sinkhole_advertised_rank_events,blackhole_attack_enabled_events,blackhole_drop_events
BH_ATTACK_N16_SEED123456,blackhole,attack,1,0,16,123456,0,60,0,0,0,0,0,0,0,623,27507,1290,16,188,90,0,0,0,0
BH_ATTACK_N16_SEED123456,blackhole,attack,1,0,16,123456,60,120,0,0,0,0,0,0,0,1069,40249,2128,16,337,171,0,0,0,0
BH_ATTACK_N16_SEED123456,blackhole,attack,1,0,16,123456,120,180,0,140,140,0,14,0,0,1046,38768,2088,16,337,172,0,0,0,0
BH_ATTACK_N16_SEED123456,blackhole,attack,1,0,16,123456,180,240,0,40,40,0,4,0,0,1029,37392,2001,16,333,168,0,0,0,0
BH_ATTACK_N16_SEED123456,blackhole,attack,1,1,16,123456,240,300,1,100,92,0,10,0,0,375,13768,901,16,86,2,0,0,1,82
BH_ATTACK_N16_SEED123456,blackhole,attack,1,1,16,123456,300,360,1,130,4,0,13,0,0,366,12743,899,15,85,0,0,0,0,85
BH_ATTACK_N16_SEED123456,blackhole,attack,1,1,16,123456,360,420,1,10,0,0,1,0,0,352,12028,850,15,85,0,0,0,0,84
BH_ATTACK_N16_SEED123456,blackhole,attack,1,1,16,123456,420,480,1,140,0,0,14,0,0,368,13313,890,16,84,1,0,0,0,83
BH_ATTACK_N16_SEED123456,blackhole,attack,1,1,16,123456,480,540,1,40,0,0,4,0,0,360,12636,864,15,85,0,0,0,0,85
BH_ATTACK_N16_SEED234567,blackhole,attack,1,0,16,234567,0,60,0,0,0,0,0,0,0,611,27199,1316,16,184,88,0,0,0,0
BH_ATTACK_N16_SEED234567,blackhole,attack,1,0,16,234567,60,120,0,0,0,0,0,0,0,1073,40168,2230,16,342,170,0,0,0,0
BH_ATTACK_N16_SEED234567,blackhole,attack,1,0,16,234567,120,180,0,140,140,0,14,0,0,1072,39625,2230,16,343,175,0,0,0,0
BH_ATTACK_N16_SEED234567,blackhole,attack,1,0,16,234567,180,240,0,60,60,0,6,0,0,1031,37414,2100,16,337,171,0,0,0,0
BH_ATTACK_N16_SEED234567,blackhole,attack,1,1,16,234567,240,300,1,80,75,0,8,0,0,403,14941,1045,16,93,4,0,0,1,82
BH_ATTACK_N16_SEED234567,blackhole,attack,1,1,16,234567,300,360,1,130,6,0,13,0,0,353,12170,904,15,84,0,0,0,0,83
BH_ATTACK_N16_SEED234567,blackhole,attack,1,1,16,234567,360,420,1,10,0,0,1,0,0,357,12299,926,15,84,0,0,0,0,84
BH_ATTACK_N16_SEED234567,blackhole,attack,1,1,16,234567,420,480,1,140,0,0,14,0,0,356,12707,914,16,84,1,0,0,0,83
BH_ATTACK_N16_SEED234567,blackhole,attack,1,1,16,234567,480,540,1,60,0,0,6,0,0,373,13258,945,15,86,0,0,0,0,86
BH_ATTACK_N16_SEED345678,blackhole,attack,1,0,16,345678,0,60,0,0,0,0,0,0,0,596,26481,1300,16,178,87,0,0,0,0
BH_ATTACK_N16_SEED345678,blackhole,attack,1,0,16,345678,60,120,0,0,0,0,0,0,0,1074,40361,2250,16,342,172,0,0,0,0
BH_ATTACK_N16_SEED345678,blackhole,attack,1,0,16,345678,120,180,0,140,139,0,14,0,0,1054,39044,2212,16,336,170,0,0,0,0
BH_ATTACK_N16_SEED345678,blackhole,attack,1,0,16,345678,180,240,0,40,40,0,4,0,0,1050,38894,2266,16,338,174,0,0,0,0
BH_ATTACK_N16_SEED345678,blackhole,attack,1,1,16,345678,240,300,1,100,90,0,10,0,0,380,13850,987,15,86,0,0,0,1,86
BH_ATTACK_N16_SEED345678,blackhole,attack,1,1,16,345678,300,360,1,120,5,0,12,0,0,362,12446,952,15,84,0,0,0,0,84
BH_ATTACK_N16_SEED345678,blackhole,attack,1,1,16,345678,360,420,1,20,0,0,2,0,0,355,12349,908,16,83,1,0,0,0,83
BH_ATTACK_N16_SEED345678,blackhole,attack,1,1,16,345678,420,480,1,140,0,0,14,0,0,368,13223,958,15,85,0,0,0,0,85
BH_ATTACK_N16_SEED345678,blackhole,attack,1,1,16,345678,480,540,1,50,0,0,5,0,0,356,12365,920,15,84,0,0,0,0,83
BH_ATTACK_N16_SEED456789,blackhole,attack,1,0,16,456789,0,60,0,0,0,0,0,0,0,537,24301,1226,16,162,81,0,0,0,0
BH_ATTACK_N16_SEED456789,blackhole,attack,1,0,16,456789,60,120,0,0,0,0,0,0,0,1080,40683,2392,16,340,172,0,0,0,0
BH_ATTACK_N16_SEED456789,blackhole,attack,1,0,16,456789,120,180,0,140,140,0,14,0,0,1092,40371,2467,16,353,178,0,0,0,0
BH_ATTACK_N16_SEED456789,blackhole,attack,1,0,16,456789,180,240,0,40,40,0,4,0,0,1043,38137,2348,16,339,169,0,0,0,0
BH_ATTACK_N16_SEED456789,blackhole,attack,1,1,16,456789,240,300,1,100,91,0,10,0,0,355,12829,982,16,82,1,0,0,1,82
BH_ATTACK_N16_SEED456789,blackhole,attack,1,1,16,456789,300,360,1,100,4,0,10,0,0,366,12864,1027,15,84,0,0,0,0,84
BH_ATTACK_N16_SEED456789,blackhole,attack,1,1,16,456789,360,420,1,40,0,0,4,0,0,358,12394,989,15,85,0,0,0,0,83
BH_ATTACK_N16_SEED456789,blackhole,attack,1,1,16,456789,420,480,1,140,0,0,14,0,0,362,12699,1015,15,85,0,0,0,0,84
BH_ATTACK_N16_SEED456789,blackhole,attack,1,1,16,456789,480,540,1,30,0,0,3,0,0,364,13063,1008,16,84,1,0,0,0,83
BH_ATTACK_N16_SEED567890,blackhole,attack,1,0,16,567890,0,60,0,0,0,0,0,0,0,591,26793,1311,16,176,84,0,0,0,0
BH_ATTACK_N16_SEED567890,blackhole,attack,1,0,16,567890,60,120,0,0,0,0,0,0,0,1056,39820,2186,16,336,169,0,0,0,0
BH_ATTACK_N16_SEED567890,blackhole,attack,1,0,16,567890,120,180,0,140,140,0,14,0,0,1053,38794,2142,16,338,169,0,0,0,0
BH_ATTACK_N16_SEED567890,blackhole,attack,1,0,16,567890,180,240,0,40,40,0,4,0,0,1055,38466,2164,16,344,171,0,0,0,0
BH_ATTACK_N16_SEED567890,blackhole,attack,1,1,16,567890,240,300,1,100,89,0,10,0,0,385,14164,981,15,86,0,0,0,1,85
BH_ATTACK_N16_SEED567890,blackhole,attack,1,1,16,567890,300,360,1,130,5,0,13,0,0,357,12303,892,15,83,0,0,0,0,83
BH_ATTACK_N16_SEED567890,blackhole,attack,1,1,16,567890,360,420,1,10,0,0,1,0,0,369,12826,958,16,88,1,0,0,0,85
BH_ATTACK_N16_SEED567890,blackhole,attack,1,1,16,567890,420,480,1,140,0,0,14,0,0,367,13012,924,15,85,0,0,0,0,84
BH_ATTACK_N16_SEED567890,blackhole,attack,1,1,16,567890,480,540,1,40,0,0,4,0,0,372,13320,931,15,87,0,0,0,0,86
BH_CONTROL_N16_SEED123456,blackhole,control,0,0,16,123456,0,60,0,0,0,0,0,0,0,623,27507,1290,16,188,90,0,0,0,0
BH_CONTROL_N16_SEED123456,blackhole,control,0,0,16,123456,60,120,0,0,0,0,0,0,0,1069,40249,2128,16,337,171,0,0,0,0
BH_CONTROL_N16_SEED123456,blackhole,control,0,0,16,123456,120,180,0,140,140,0,14,0,0,1046,38768,2088,16,337,172,0,0,0,0
BH_CONTROL_N16_SEED123456,blackhole,control,0,0,16,123456,180,240,0,40,40,0,4,0,0,1029,37392,2001,16,333,168,0,0,0,0
BH_CONTROL_N16_SEED123456,blackhole,control,0,0,16,123456,240,300,1,100,98,0,10,0,0,1036,38317,2029,16,332,167,0,0,0,0
BH_CONTROL_N16_SEED123456,blackhole,control,0,0,16,123456,300,360,1,130,130,0,13,0,0,1036,37480,2027,16,337,169,0,0,0,0
BH_CONTROL_N16_SEED123456,blackhole,control,0,0,16,123456,360,420,1,10,10,0,1,0,0,1054,38271,2076,16,343,173,0,0,0,0
BH_CONTROL_N16_SEED123456,blackhole,control,0,0,16,123456,420,480,1,140,140,0,14,0,0,1034,38190,2041,16,338,169,0,0,0,0
BH_CONTROL_N16_SEED123456,blackhole,control,0,0,16,123456,480,540,1,30,30,0,3,0,0,1030,37739,2042,16,335,167,0,0,0,0
BH_CONTROL_N16_SEED234567,blackhole,control,0,0,16,234567,0,60,0,0,0,0,0,0,0,611,27199,1316,16,184,88,0,0,0,0
BH_CONTROL_N16_SEED234567,blackhole,control,0,0,16,234567,60,120,0,0,0,0,0,0,0,1073,40168,2230,16,342,170,0,0,0,0
BH_CONTROL_N16_SEED234567,blackhole,control,0,0,16,234567,120,180,0,140,140,0,14,0,0,1072,39625,2230,16,343,175,0,0,0,0
BH_CONTROL_N16_SEED234567,blackhole,control,0,0,16,234567,180,240,0,60,60,0,6,0,0,1031,37414,2100,16,337,171,0,0,0,0
BH_CONTROL_N16_SEED234567,blackhole,control,0,0,16,234567,240,300,1,80,80,0,8,0,0,1058,39279,2194,16,338,171,0,0,0,0
BH_CONTROL_N16_SEED234567,blackhole,control,0,0,16,234567,300,360,1,120,120,0,12,0,0,989,35775,2030,16,324,165,0,0,0,0
BH_CONTROL_N16_SEED234567,blackhole,control,0,0,16,234567,360,420,1,20,20,0,2,0,0,1044,38066,2154,16,338,169,0,0,0,0
BH_CONTROL_N16_SEED234567,blackhole,control,0,0,16,234567,420,480,1,140,140,0,14,0,0,1055,38768,2182,16,340,174,0,0,0,0
BH_CONTROL_N16_SEED234567,blackhole,control,0,0,16,234567,480,540,1,60,60,0,6,0,0,1073,39226,2195,16,347,172,0,0,0,0
BH_CONTROL_N16_SEED345678,blackhole,control,0,0,16,345678,0,60,0,0,0,0,0,0,0,596,26481,1300,16,178,87,0,0,0,0
BH_CONTROL_N16_SEED345678,blackhole,control,0,0,16,345678,60,120,0,0,0,0,0,0,0,1074,40361,2250,16,342,172,0,0,0,0
BH_CONTROL_N16_SEED345678,blackhole,control,0,0,16,345678,120,180,0,140,139,0,14,0,0,1054,39044,2212,16,336,170,0,0,0,0
BH_CONTROL_N16_SEED345678,blackhole,control,0,0,16,345678,180,240,0,40,40,0,4,0,0,1050,38894,2266,16,338,174,0,0,0,0
BH_CONTROL_N16_SEED345678,blackhole,control,0,0,16,345678,240,300,1,100,100,0,10,0,0,1087,40173,2267,16,351,177,0,0,0,0
BH_CONTROL_N16_SEED345678,blackhole,control,0,0,16,345678,300,360,1,110,110,0,11,0,0,1040,37966,2211,16,335,169,0,0,0,0
BH_CONTROL_N16_SEED345678,blackhole,control,0,0,16,345678,360,420,1,30,30,0,3,0,0,1048,38020,2171,16,340,172,0,0,0,0
BH_CONTROL_N16_SEED345678,blackhole,control,0,0,16,345678,420,480,1,140,140,0,14,0,0,1045,38334,2170,16,340,171,0,0,0,0
BH_CONTROL_N16_SEED345678,blackhole,control,0,0,16,345678,480,540,1,50,50,0,5,0,0,1031,37821,2141,16,333,169,0,0,0,0
BH_CONTROL_N16_SEED456789,blackhole,control,0,0,16,456789,0,60,0,0,0,0,0,0,0,537,24301,1226,16,162,81,0,0,0,0
BH_CONTROL_N16_SEED456789,blackhole,control,0,0,16,456789,60,120,0,0,0,0,0,0,0,1080,40683,2392,16,340,172,0,0,0,0
BH_CONTROL_N16_SEED456789,blackhole,control,0,0,16,456789,120,180,0,140,140,0,14,0,0,1092,40371,2467,16,353,178,0,0,0,0
BH_CONTROL_N16_SEED456789,blackhole,control,0,0,16,456789,180,240,0,40,40,0,4,0,0,1043,38137,2348,16,339,169,0,0,0,0
BH_CONTROL_N16_SEED456789,blackhole,control,0,0,16,456789,240,300,1,100,100,0,10,0,0,1021,37550,2259,16,331,166,0,0,0,0
BH_CONTROL_N16_SEED456789,blackhole,control,0,0,16,456789,300,360,1,100,100,0,10,0,0,1047,38185,2328,16,340,169,0,0,0,0
BH_CONTROL_N16_SEED456789,blackhole,control,0,0,16,456789,360,420,1,40,40,0,4,0,0,1038,37730,2278,16,336,173,0,0,0,0
BH_CONTROL_N16_SEED456789,blackhole,control,0,0,16,456789,420,480,1,140,140,0,14,0,0,1049,38526,2336,16,339,170,0,0,0,0
BH_CONTROL_N16_SEED456789,blackhole,control,0,0,16,456789,480,540,1,30,29,0,3,0,0,1014,36825,2255,16,330,165,0,0,0,0
BH_CONTROL_N16_SEED567890,blackhole,control,0,0,16,567890,0,60,0,0,0,0,0,0,0,591,26793,1311,16,176,84,0,0,0,0
BH_CONTROL_N16_SEED567890,blackhole,control,0,0,16,567890,60,120,0,0,0,0,0,0,0,1056,39820,2186,16,336,169,0,0,0,0
BH_CONTROL_N16_SEED567890,blackhole,control,0,0,16,567890,120,180,0,140,140,0,14,0,0,1053,38794,2142,16,338,169,0,0,0,0
BH_CONTROL_N16_SEED567890,blackhole,control,0,0,16,567890,180,240,0,40,40,0,4,0,0,1055,38466,2164,16,344,171,0,0,0,0
BH_CONTROL_N16_SEED567890,blackhole,control,0,0,16,567890,240,300,1,100,100,0,10,0,0,1069,39484,2180,16,339,170,0,0,0,0
BH_CONTROL_N16_SEED567890,blackhole,control,0,0,16,567890,300,360,1,130,130,0,13,0,0,1040,37680,2129,16,339,171,0,0,0,0
BH_CONTROL_N16_SEED567890,blackhole,control,0,0,16,567890,360,420,1,10,10,0,1,0,0,1022,36941,2067,16,335,170,0,0,0,0
BH_CONTROL_N16_SEED567890,blackhole,control,0,0,16,567890,420,480,1,140,140,0,14,0,0,1065,39293,2165,16,340,171,0,0,0,0
BH_CONTROL_N16_SEED567890,blackhole,control,0,0,16,567890,480,540,1,40,40,0,4,0,0,1062,38749,2149,16,346,174,0,0,0,0
SH_ATTACK_N16_SEED123456,sinkhole,attack,1,0,16,123456,0,60,0,0,0,0,0,15,15,623,27507,1290,16,188,90,0,0,0,0
SH_ATTACK_N16_SEED123456,sinkhole,attack,1,0,16,123456,60,120,0,0,0,0,0,0,0,1069,40249,2128,16,337,171,0,0,0,0
SH_ATTACK_N16_SEED123456,sinkhole,attack,1,0,16,123456,120,180,0,140,140,0,14,0,0,1046,38768,2088,16,337,172,0,0,0,0
SH_ATTACK_N16_SEED123456,sinkhole,attack,1,0,16,123456,180,240,0,40,40,0,4,0,0,1029,37392,2001,16,333,168,0,0,0,0
SH_ATTACK_N16_SEED123456,sinkhole,attack,1,1,16,123456,240,300,1,100,98,0,10,0,0,1063,39915,2102,16,343,175,1,1,0,0
SH_ATTACK_N16_SEED123456,sinkhole,attack,1,1,16,123456,300,360,1,130,130,0,13,0,0,1035,37708,2053,16,337,170,0,0,0,0
SH_ATTACK_N16_SEED123456,sinkhole,attack,1,1,16,123456,360,420,1,10,10,0,1,0,0,1044,37922,2041,16,340,172,0,0,0,0
SH_ATTACK_N16_SEED123456,sinkhole,attack,1,1,16,123456,420,480,1,140,140,0,14,0,0,1054,38708,2085,16,340,170,0,0,0,0
SH_ATTACK_N16_SEED123456,sinkhole,attack,1,1,16,123456,480,540,1,30,30,0,3,0,0,1052,38639,2075,16,340,169,0,0,0,0
SH_ATTACK_N16_SEED234567,sinkhole,attack,1,0,16,234567,0,60,0,0,0,0,0,15,15,611,27199,1316,16,184,88,0,0,0,0
SH_ATTACK_N16_SEED234567,sinkhole,attack,1,0,16,234567,60,120,0,0,0,0,0,0,0,1073,40168,2230,16,342,170,0,0,0,0
SH_ATTACK_N16_SEED234567,sinkhole,attack,1,0,16,234567,120,180,0,140,140,0,14,0,0,1072,39625,2230,16,343,175,0,0,0,0
SH_ATTACK_N16_SEED234567,sinkhole,attack,1,0,16,234567,180,240,0,60,60,0,6,0,0,1031,37414,2100,16,337,171,0,0,0,0
SH_ATTACK_N16_SEED234567,sinkhole,attack,1,1,16,234567,240,300,1,80,80,0,8,0,0,1065,39715,2186,16,343,171,1,1,0,0
SH_ATTACK_N16_SEED234567,sinkhole,attack,1,1,16,234567,300,360,1,130,130,0,13,0,0,1026,37249,2133,16,337,167,0,0,0,0
SH_ATTACK_N16_SEED234567,sinkhole,attack,1,1,16,234567,360,420,1,10,10,0,1,0,0,1025,37148,2103,16,333,166,0,0,0,0
SH_ATTACK_N16_SEED234567,sinkhole,attack,1,1,16,234567,420,480,1,140,140,0,14,0,0,1032,37747,2126,16,338,171,0,0,0,0
SH_ATTACK_N16_SEED234567,sinkhole,attack,1,1,16,234567,480,540,1,60,60,0,6,0,0,1070,39126,2193,16,344,173,0,0,0,0
SH_ATTACK_N16_SEED345678,sinkhole,attack,1,0,16,345678,0,60,0,0,0,0,0,15,15,596,26481,1300,16,178,87,0,0,0,0
SH_ATTACK_N16_SEED345678,sinkhole,attack,1,0,16,345678,60,120,0,0,0,0,0,0,0,1074,40361,2250,16,342,172,0,0,0,0
SH_ATTACK_N16_SEED345678,sinkhole,attack,1,0,16,345678,120,180,0,140,139,0,14,0,0,1054,39044,2212,16,336,170,0,0,0,0
SH_ATTACK_N16_SEED345678,sinkhole,attack,1,0,16,345678,180,240,0,40,40,0,4,0,0,1050,38894,2266,16,338,174,0,0,0,0
SH_ATTACK_N16_SEED345678,sinkhole,attack,1,1,16,345678,240,300,1,100,100,0,10,0,0,1086,40190,2265,16,352,175,1,1,0,0
SH_ATTACK_N16_SEED345678,sinkhole,attack,1,1,16,345678,300,360,1,110,109,0,11,0,0,1023,37242,2119,16,335,171,0,0,0,0
SH_ATTACK_N16_SEED345678,sinkhole,attack,1,1,16,345678,360,420,1,30,29,0,3,0,0,1045,37997,2160,16,338,174,0,0,0,0
SH_ATTACK_N16_SEED345678,sinkhole,attack,1,1,16,345678,420,480,1,140,139,0,14,0,0,1058,39111,2256,16,344,170,0,0,0,0
SH_ATTACK_N16_SEED345678,sinkhole,attack,1,1,16,345678,480,540,1,50,50,0,5,0,0,1030,37499,2129,16,333,170,0,0,0,0
SH_ATTACK_N16_SEED456789,sinkhole,attack,1,0,16,456789,0,60,0,0,0,0,0,15,15,537,24301,1226,16,162,81,0,0,0,0
SH_ATTACK_N16_SEED456789,sinkhole,attack,1,0,16,456789,60,120,0,0,0,0,0,0,0,1080,40683,2392,16,340,172,0,0,0,0
SH_ATTACK_N16_SEED456789,sinkhole,attack,1,0,16,456789,120,180,0,140,140,0,14,0,0,1092,40371,2467,16,353,178,0,0,0,0
SH_ATTACK_N16_SEED456789,sinkhole,attack,1,0,16,456789,180,240,0,40,40,0,4,0,0,1043,38137,2348,16,339,169,0,0,0,0
SH_ATTACK_N16_SEED456789,sinkhole,attack,1,1,16,456789,240,300,1,100,100,0,10,0,0,1022,37823,2265,16,334,168,1,1,0,0
SH_ATTACK_N16_SEED456789,sinkhole,attack,1,1,16,456789,300,360,1,100,100,0,10,0,0,1046,38231,2346,16,338,169,0,0,0,0
SH_ATTACK_N16_SEED456789,sinkhole,attack,1,1,16,456789,360,420,1,40,40,0,4,0,0,1031,37172,2255,16,338,171,0,0,0,0
SH_ATTACK_N16_SEED456789,sinkhole,attack,1,1,16,456789,420,480,1,140,140,0,14,0,0,1046,38219,2321,16,341,168,0,0,0,0
SH_ATTACK_N16_SEED456789,sinkhole,attack,1,1,16,456789,480,540,1,40,40,0,4,0,0,1046,38431,2332,16,338,169,0,0,0,0
SH_ATTACK_N16_SEED567890,sinkhole,attack,1,0,16,567890,0,60,0,0,0,0,0,15,15,591,26793,1311,16,176,84,0,0,0,0
SH_ATTACK_N16_SEED567890,sinkhole,attack,1,0,16,567890,60,120,0,0,0,0,0,0,0,1056,39820,2186,16,336,169,0,0,0,0
SH_ATTACK_N16_SEED567890,sinkhole,attack,1,0,16,567890,120,180,0,140,140,0,14,0,0,1053,38794,2142,16,338,169,0,0,0,0
SH_ATTACK_N16_SEED567890,sinkhole,attack,1,0,16,567890,180,240,0,40,40,0,4,0,0,1055,38466,2164,16,344,171,0,0,0,0
SH_ATTACK_N16_SEED567890,sinkhole,attack,1,1,16,567890,240,300,1,100,100,0,10,0,0,1068,39843,2200,16,338,168,1,1,0,0
SH_ATTACK_N16_SEED567890,sinkhole,attack,1,1,16,567890,300,360,1,130,130,0,13,0,0,1041,37682,2116,16,343,170,0,0,0,0
SH_ATTACK_N16_SEED567890,sinkhole,attack,1,1,16,567890,360,420,1,10,10,0,1,0,0,999,36271,2050,16,324,163,0,0,0,0
SH_ATTACK_N16_SEED567890,sinkhole,attack,1,1,16,567890,420,480,1,140,140,0,14,0,0,1059,38728,2176,16,345,172,0,0,0,0
SH_ATTACK_N16_SEED567890,sinkhole,attack,1,1,16,567890,480,540,1,30,30,0,3,0,0,1100,40759,2293,16,349,180,0,0,0,0
SH_CONTROL_N16_SEED123456,sinkhole,control,0,0,16,123456,0,60,0,0,0,0,0,15,15,623,27507,1290,16,188,90,0,0,0,0
SH_CONTROL_N16_SEED123456,sinkhole,control,0,0,16,123456,60,120,0,0,0,0,0,0,0,1069,40249,2128,16,337,171,0,0,0,0
SH_CONTROL_N16_SEED123456,sinkhole,control,0,0,16,123456,120,180,0,140,140,0,14,0,0,1046,38768,2088,16,337,172,0,0,0,0
SH_CONTROL_N16_SEED123456,sinkhole,control,0,0,16,123456,180,240,0,40,40,0,4,0,0,1029,37392,2001,16,333,168,0,0,0,0
SH_CONTROL_N16_SEED123456,sinkhole,control,0,0,16,123456,240,300,1,100,98,0,10,0,0,1036,38317,2029,16,332,167,0,0,0,0
SH_CONTROL_N16_SEED123456,sinkhole,control,0,0,16,123456,300,360,1,130,130,0,13,0,0,1036,37480,2027,16,337,169,0,0,0,0
SH_CONTROL_N16_SEED123456,sinkhole,control,0,0,16,123456,360,420,1,10,10,0,1,0,0,1054,38271,2076,16,343,173,0,0,0,0
SH_CONTROL_N16_SEED123456,sinkhole,control,0,0,16,123456,420,480,1,140,140,0,14,0,0,1034,38190,2041,16,338,169,0,0,0,0
SH_CONTROL_N16_SEED123456,sinkhole,control,0,0,16,123456,480,540,1,30,30,0,3,0,0,1030,37739,2042,16,335,167,0,0,0,0
SH_CONTROL_N16_SEED234567,sinkhole,control,0,0,16,234567,0,60,0,0,0,0,0,15,15,611,27199,1316,16,184,88,0,0,0,0
SH_CONTROL_N16_SEED234567,sinkhole,control,0,0,16,234567,60,120,0,0,0,0,0,0,0,1073,40168,2230,16,342,170,0,0,0,0
SH_CONTROL_N16_SEED234567,sinkhole,control,0,0,16,234567,120,180,0,140,140,0,14,0,0,1072,39625,2230,16,343,175,0,0,0,0
SH_CONTROL_N16_SEED234567,sinkhole,control,0,0,16,234567,180,240,0,60,60,0,6,0,0,1031,37414,2100,16,337,171,0,0,0,0
SH_CONTROL_N16_SEED234567,sinkhole,control,0,0,16,234567,240,300,1,80,80,0,8,0,0,1058,39279,2194,16,338,171,0,0,0,0
SH_CONTROL_N16_SEED234567,sinkhole,control,0,0,16,234567,300,360,1,120,120,0,12,0,0,989,35775,2030,16,324,165,0,0,0,0
SH_CONTROL_N16_SEED234567,sinkhole,control,0,0,16,234567,360,420,1,20,20,0,2,0,0,1044,38066,2154,16,338,169,0,0,0,0
SH_CONTROL_N16_SEED234567,sinkhole,control,0,0,16,234567,420,480,1,140,140,0,14,0,0,1055,38768,2182,16,340,174,0,0,0,0
SH_CONTROL_N16_SEED234567,sinkhole,control,0,0,16,234567,480,540,1,60,60,0,6,0,0,1073,39226,2195,16,347,172,0,0,0,0
SH_CONTROL_N16_SEED345678,sinkhole,control,0,0,16,345678,0,60,0,0,0,0,0,15,15,596,26481,1300,16,178,87,0,0,0,0
SH_CONTROL_N16_SEED345678,sinkhole,control,0,0,16,345678,60,120,0,0,0,0,0,0,0,1074,40361,2250,16,342,172,0,0,0,0
SH_CONTROL_N16_SEED345678,sinkhole,control,0,0,16,345678,120,180,0,140,139,0,14,0,0,1054,39044,2212,16,336,170,0,0,0,0
SH_CONTROL_N16_SEED345678,sinkhole,control,0,0,16,345678,180,240,0,40,40,0,4,0,0,1050,38894,2266,16,338,174,0,0,0,0
SH_CONTROL_N16_SEED345678,sinkhole,control,0,0,16,345678,240,300,1,100,100,0,10,0,0,1087,40173,2267,16,351,177,0,0,0,0
SH_CONTROL_N16_SEED345678,sinkhole,control,0,0,16,345678,300,360,1,110,110,0,11,0,0,1040,37966,2211,16,335,169,0,0,0,0
SH_CONTROL_N16_SEED345678,sinkhole,control,0,0,16,345678,360,420,1,30,30,0,3,0,0,1048,38020,2171,16,340,172,0,0,0,0
SH_CONTROL_N16_SEED345678,sinkhole,control,0,0,16,345678,420,480,1,140,140,0,14,0,0,1045,38334,2170,16,340,171,0,0,0,0
SH_CONTROL_N16_SEED345678,sinkhole,control,0,0,16,345678,480,540,1,50,50,0,5,0,0,1031,37821,2141,16,333,169,0,0,0,0
SH_CONTROL_N16_SEED456789,sinkhole,control,0,0,16,456789,0,60,0,0,0,0,0,15,15,537,24301,1226,16,162,81,0,0,0,0
SH_CONTROL_N16_SEED456789,sinkhole,control,0,0,16,456789,60,120,0,0,0,0,0,0,0,1080,40683,2392,16,340,172,0,0,0,0
SH_CONTROL_N16_SEED456789,sinkhole,control,0,0,16,456789,120,180,0,140,140,0,14,0,0,1092,40371,2467,16,353,178,0,0,0,0
SH_CONTROL_N16_SEED456789,sinkhole,control,0,0,16,456789,180,240,0,40,40,0,4,0,0,1043,38137,2348,16,339,169,0,0,0,0
SH_CONTROL_N16_SEED456789,sinkhole,control,0,0,16,456789,240,300,1,100,100,0,10,0,0,1021,37550,2259,16,331,166,0,0,0,0
SH_CONTROL_N16_SEED456789,sinkhole,control,0,0,16,456789,300,360,1,100,100,0,10,0,0,1047,38185,2328,16,340,169,0,0,0,0
SH_CONTROL_N16_SEED456789,sinkhole,control,0,0,16,456789,360,420,1,40,40,0,4,0,0,1038,37730,2278,16,336,173,0,0,0,0
SH_CONTROL_N16_SEED456789,sinkhole,control,0,0,16,456789,420,480,1,140,140,0,14,0,0,1049,38526,2336,16,339,170,0,0,0,0
SH_CONTROL_N16_SEED456789,sinkhole,control,0,0,16,456789,480,540,1,30,29,0,3,0,0,1014,36825,2255,16,330,165,0,0,0,0
SH_CONTROL_N16_SEED567890,sinkhole,control,0,0,16,567890,0,60,0,0,0,0,0,15,15,591,26793,1311,16,176,84,0,0,0,0
SH_CONTROL_N16_SEED567890,sinkhole,control,0,0,16,567890,60,120,0,0,0,0,0,0,0,1056,39820,2186,16,336,169,0,0,0,0
SH_CONTROL_N16_SEED567890,sinkhole,control,0,0,16,567890,120,180,0,140,140,0,14,0,0,1053,38794,2142,16,338,169,0,0,0,0
SH_CONTROL_N16_SEED567890,sinkhole,control,0,0,16,567890,180,240,0,40,40,0,4,0,0,1055,38466,2164,16,344,171,0,0,0,0
SH_CONTROL_N16_SEED567890,sinkhole,control,0,0,16,567890,240,300,1,100,100,0,10,0,0,1069,39484,2180,16,339,170,0,0,0,0
SH_CONTROL_N16_SEED567890,sinkhole,control,0,0,16,567890,300,360,1,130,130,0,13,0,0,1040,37680,2129,16,339,171,0,0,0,0
SH_CONTROL_N16_SEED567890,sinkhole,control,0,0,16,567890,360,420,1,10,10,0,1,0,0,1022,36941,2067,16,335,170,0,0,0,0
SH_CONTROL_N16_SEED567890,sinkhole,control,0,0,16,567890,420,480,1,140,140,0,14,0,0,1065,39293,2165,16,340,171,0,0,0,0
SH_CONTROL_N16_SEED567890,sinkhole,control,0,0,16,567890,480,540,1,40,40,0,4,0,0,1062,38749,2149,16,346,174,0,0,0,0
