model,source_family,target_family,adaptation_seed_count,splits,mean_accuracy,mean_precision,mean_recall,mean_f1,mean_fpr
cart,blackhole,dio_suppression,0,1,0.7222,0.0,0.0,0.0,0.0
cart,blackhole,dio_suppression,1,1,0.7222,0.5,0.05,0.0909,0.0192
cart,blackhole,dio_suppression,2,1,0.7963,0.5769,1.0,0.7317,0.2821
cart,blackhole,dio_suppression,3,1,0.75,0.5263,1.0,0.6897,0.3462
cart,blackhole,dis_flood,0,1,0.7222,0.0,0.0,0.0,0.0
cart,blackhole,dis_flood,1,1,1.0,1.0,1.0,1.0,0.0
cart,blackhole,dis_flood,2,1,1.0,1.0,1.0,1.0,0.0
cart,blackhole,dis_flood,3,1,1.0,1.0,1.0,1.0,0.0
cart,blackhole,grayhole,0,1,0.7222,0.0,0.0,0.0,0.0
cart,blackhole,grayhole,1,1,0.9306,1.0,0.75,0.8571,0.0
cart,blackhole,grayhole,2,1,0.9815,1.0,0.9333,0.9655,0.0
cart,blackhole,grayhole,3,1,1.0,1.0,1.0,1.0,0.0
cart,blackhole,increase_rank,0,1,0.8556,1.0,0.48,0.6486,0.0
cart,blackhole,increase_rank,1,1,0.8333,0.6818,0.75,0.7143,0.1346
cart,blackhole,increase_rank,2,1,0.8148,0.6316,0.8,0.7059,0.1795
cart,blackhole,increase_rank,3,1,0.8056,0.6154,0.8,0.6957,0.1923
cart,blackhole,sinkhole,0,1,0.7222,0.0,0.0,0.0,0.0
cart,blackhole,sinkhole,1,1,0.8333,1.0,0.4,0.5714,0.0
cart,blackhole,sinkhole,2,1,0.9815,1.0,0.9333,0.9655,0.0
cart,blackhole,sinkhole,3,1,0.9722,1.0,0.9,0.9474,0.0
cart,blackhole,sybil,0,1,0.7222,0.0,0.0,0.0,0.0
cart,blackhole,sybil,1,1,1.0,1.0,1.0,1.0,0.0
cart,blackhole,sybil,2,1,1.0,1.0,1.0,1.0,0.0
cart,blackhole,sybil,3,1,1.0,1.0,1.0,1.0,0.0
cart,blackhole,wormhole,0,1,0.7222,0.0,0.0,0.0,0.0
cart,blackhole,wormhole,1,1,0.8889,0.875,0.7,0.7778,0.0385
cart,blackhole,wormhole,2,1,0.8519,0.8182,0.6,0.6923,0.0513
cart,blackhole,wormhole,3,1,0.8333,0.6667,0.8,0.7273,0.1538
cart,blackhole,worst_parent,0,1,0.7222,0.0,0.0,0.0,0.0
cart,blackhole,worst_parent,1,1,1.0,1.0,1.0,1.0,0.0
cart,blackhole,worst_parent,2,1,1.0,1.0,1.0,1.0,0.0
cart,blackhole,worst_parent,3,1,1.0,1.0,1.0,1.0,0.0
cart,dio_suppression,blackhole,0,1,0.7222,0.0,0.0,0.0,0.0
cart,dio_suppression,blackhole,1,1,1.0,1.0,1.0,1.0,0.0
cart,dio_suppression,blackhole,2,1,1.0,1.0,1.0,1.0,0.0
cart,dio_suppression,blackhole,3,1,1.0,1.0,1.0,1.0,0.0
cart,dio_suppression,dis_flood,0,1,0.7778,0.6,0.6,0.6,0.1538
cart,dio_suppression,dis_flood,1,1,1.0,1.0,1.0,1.0,0.0
cart,dio_suppression,dis_flood,2,1,0.963,0.8824,1.0,0.9375,0.0513
cart,dio_suppression,dis_flood,3,1,1.0,1.0,1.0,1.0,0.0
cart,dio_suppression,grayhole,0,1,0.7556,0.5652,0.52,0.5417,0.1538
cart,dio_suppression,grayhole,1,1,0.9028,1.0,0.65,0.7879,0.0
cart,dio_suppression,grayhole,2,1,0.8333,0.8,0.5333,0.64,0.0513
cart,dio_suppression,grayhole,3,1,0.9722,0.9091,1.0,0.9524,0.0385
cart,dio_suppression,increase_rank,0,1,0.6667,0.3333,0.2,0.25,0.1538
cart,dio_suppression,increase_rank,1,1,0.6528,0.3529,0.3,0.3243,0.2115
cart,dio_suppression,increase_rank,2,1,0.8889,1.0,0.6,0.75,0.0
cart,dio_suppression,increase_rank,3,1,0.9167,1.0,0.7,0.8235,0.0
cart,dio_suppression,sinkhole,0,1,0.7222,0.0,0.0,0.0,0.0
cart,dio_suppression,sinkhole,1,1,0.9861,1.0,0.95,0.9744,0.0
cart,dio_suppression,sinkhole,2,1,1.0,1.0,1.0,1.0,0.0
cart,dio_suppression,sinkhole,3,1,1.0,1.0,1.0,1.0,0.0
cart,dio_suppression,sybil,0,1,0.6111,0.0,0.0,0.0,0.1538
cart,dio_suppression,sybil,1,1,0.9444,1.0,0.8,0.8889,0.0
cart,dio_suppression,sybil,2,1,0.9259,1.0,0.7333,0.8462,0.0
cart,dio_suppression,sybil,3,1,0.8889,1.0,0.6,0.75,0.0
cart,dio_suppression,wormhole,0,1,0.7222,0.0,0.0,0.0,0.0
cart,dio_suppression,wormhole,1,1,1.0,1.0,1.0,1.0,0.0
cart,dio_suppression,wormhole,2,1,1.0,1.0,1.0,1.0,0.0
cart,dio_suppression,wormhole,3,1,1.0,1.0,1.0,1.0,0.0
cart,dio_suppression,worst_parent,0,1,0.6111,0.0,0.0,0.0,0.1538
cart,dio_suppression,worst_parent,1,1,0.8472,0.6452,1.0,0.7843,0.2115
cart,dio_suppression,worst_parent,2,1,0.963,0.8824,1.0,0.9375,0.0513
cart,dio_suppression,worst_parent,3,1,0.9722,0.9091,1.0,0.9524,0.0385
cart,dis_flood,blackhole,0,1,0.7222,0.0,0.0,0.0,0.0
cart,dis_flood,blackhole,1,1,1.0,1.0,1.0,1.0,0.0
cart,dis_flood,blackhole,2,1,1.0,1.0,1.0,1.0,0.0
cart,dis_flood,blackhole,3,1,1.0,1.0,1.0,1.0,0.0
cart,dis_flood,dio_suppression,0,1,0.7222,0.0,0.0,0.0,0.0
cart,dis_flood,dio_suppression,1,1,0.7222,0.0,0.0,0.0,0.0
cart,dis_flood,dio_suppression,2,1,0.7222,0.0,0.0,0.0,0.0
cart,dis_flood,dio_suppression,3,1,0.7222,0.0,0.0,0.0,0.0
cart,dis_flood,grayhole,0,1,0.7222,0.0,0.0,0.0,0.0
cart,dis_flood,grayhole,1,1,0.9444,1.0,0.8,0.8889,0.0
cart,dis_flood,grayhole,2,1,0.9815,1.0,0.9333,0.9655,0.0
cart,dis_flood,grayhole,3,1,1.0,1.0,1.0,1.0,0.0
cart,dis_flood,increase_rank,0,1,0.7222,0.0,0.0,0.0,0.0
cart,dis_flood,increase_rank,1,1,0.9167,1.0,0.7,0.8235,0.0
cart,dis_flood,increase_rank,2,1,0.8889,1.0,0.6,0.75,0.0
cart,dis_flood,increase_rank,3,1,0.9167,1.0,0.7,0.8235,0.0
cart,dis_flood,sinkhole,0,1,0.7222,0.0,0.0,0.0,0.0
cart,dis_flood,sinkhole,1,1,1.0,1.0,1.0,1.0,0.0
cart,dis_flood,sinkhole,2,1,1.0,1.0,1.0,1.0,0.0
cart,dis_flood,sinkhole,3,1,1.0,1.0,1.0,1.0,0.0
cart,dis_flood,sybil,0,1,1.0,1.0,1.0,1.0,0.0
cart,dis_flood,sybil,1,1,1.0,1.0,1.0,1.0,0.0
cart,dis_flood,sybil,2,1,1.0,1.0,1.0,1.0,0.0
cart,dis_flood,sybil,3,1,1.0,1.0,1.0,1.0,0.0
cart,dis_flood,wormhole,0,1,0.7222,0.0,0.0,0.0,0.0
cart,dis_flood,wormhole,1,1,1.0,1.0,1.0,1.0,0.0
cart,dis_flood,wormhole,2,1,1.0,1.0,1.0,1.0,0.0
cart,dis_flood,wormhole,3,1,1.0,1.0,1.0,1.0,0.0
cart,dis_flood,worst_parent,0,1,1.0,1.0,1.0,1.0,0.0
cart,dis_flood,worst_parent,1,1,1.0,1.0,1.0,1.0,0.0
cart,dis_flood,worst_parent,2,1,1.0,1.0,1.0,1.0,0.0
cart,dis_flood,worst_parent,3,1,1.0,1.0,1.0,1.0,0.0
cart,grayhole,blackhole,0,1,1.0,1.0,1.0,1.0,0.0
cart,grayhole,blackhole,1,1,1.0,1.0,1.0,1.0,0.0
cart,grayhole,blackhole,2,1,1.0,1.0,1.0,1.0,0.0
cart,grayhole,blackhole,3,1,1.0,1.0,1.0,1.0,0.0
cart,grayhole,dio_suppression,0,1,0.7222,0.0,0.0,0.0,0.0
cart,grayhole,dio_suppression,1,1,0.7222,0.0,0.0,0.0,0.0
cart,grayhole,dio_suppression,2,1,0.7222,0.0,0.0,0.0,0.0
cart,grayhole,dio_suppression,3,1,0.7222,0.0,0.0,0.0,0.0
cart,grayhole,dis_flood,0,1,0.7222,0.0,0.0,0.0,0.0
cart,grayhole,dis_flood,1,1,1.0,1.0,1.0,1.0,0.0
cart,grayhole,dis_flood,2,1,1.0,1.0,1.0,1.0,0.0
cart,grayhole,dis_flood,3,1,1.0,1.0,1.0,1.0,0.0
cart,grayhole,increase_rank,0,1,0.7444,1.0,0.08,0.1481,0.0
cart,grayhole,increase_rank,1,1,0.875,1.0,0.55,0.7097,0.0
cart,grayhole,increase_rank,2,1,0.8519,1.0,0.4667,0.6364,0.0
cart,grayhole,increase_rank,3,1,0.8611,1.0,0.5,0.6667,0.0
cart,grayhole,sinkhole,0,1,0.7222,0.0,0.0,0.0,0.0
cart,grayhole,sinkhole,1,1,1.0,1.0,1.0,1.0,0.0
cart,grayhole,sinkhole,2,1,1.0,1.0,1.0,1.0,0.0
cart,grayhole,sinkhole,3,1,1.0,1.0,1.0,1.0,0.0
cart,grayhole,sybil,0,1,0.7222,0.0,0.0,0.0,0.0
cart,grayhole,sybil,1,1,1.0,1.0,1.0,1.0,0.0
cart,grayhole,sybil,2,1,1.0,1.0,1.0,1.0,0.0
cart,grayhole,sybil,3,1,1.0,1.0,1.0,1.0,0.0
cart,grayhole,wormhole,0,1,0.7222,0.0,0.0,0.0,0.0
cart,grayhole,wormhole,1,1,1.0,1.0,1.0,1.0,0.0
cart,grayhole,wormhole,2,1,1.0,1.0,1.0,1.0,0.0
cart,grayhole,wormhole,3,1,1.0,1.0,1.0,1.0,0.0
cart,grayhole,worst_parent,0,1,0.7333,1.0,0.04,0.0769,0.0
cart,grayhole,worst_parent,1,1,1.0,1.0,1.0,1.0,0.0
cart,grayhole,worst_parent,2,1,1.0,1.0,1.0,1.0,0.0
cart,grayhole,worst_parent,3,1,1.0,1.0,1.0,1.0,0.0
cart,increase_rank,blackhole,0,1,0.7222,0.0,0.0,0.0,0.0
cart,increase_rank,blackhole,1,1,1.0,1.0,1.0,1.0,0.0
cart,increase_rank,blackhole,2,1,1.0,1.0,1.0,1.0,0.0
cart,increase_rank,blackhole,3,1,1.0,1.0,1.0,1.0,0.0
cart,increase_rank,dio_suppression,0,1,0.7222,0.5,0.28,0.359,0.1077
cart,increase_rank,dio_suppression,1,1,0.75,0.5833,0.35,0.4375,0.0962
cart,increase_rank,dio_suppression,2,1,0.7593,0.5833,0.4667,0.5185,0.1282
cart,increase_rank,dio_suppression,3,1,0.75,1.0,0.1,0.1818,0.0
cart,increase_rank,dis_flood,0,1,0.7,0.4167,0.2,0.2703,0.1077
cart,increase_rank,dis_flood,1,1,1.0,1.0,1.0,1.0,0.0
cart,increase_rank,dis_flood,2,1,1.0,1.0,1.0,1.0,0.0
cart,increase_rank,dis_flood,3,1,0.9167,0.7692,1.0,0.8696,0.1154
cart,increase_rank,grayhole,0,1,0.7,0.4167,0.2,0.2703,0.1077
cart,increase_rank,grayhole,1,1,0.7639,1.0,0.15,0.2609,0.0
cart,increase_rank,grayhole,2,1,0.9815,1.0,0.9333,0.9655,0.0
cart,increase_rank,grayhole,3,1,1.0,1.0,1.0,1.0,0.0
cart,increase_rank,sinkhole,0,1,0.7222,0.0,0.0,0.0,0.0
cart,increase_rank,sinkhole,1,1,0.8056,0.5882,1.0,0.7407,0.2692
cart,increase_rank,sinkhole,2,1,0.8889,0.7143,1.0,0.8333,0.1538
cart,increase_rank,sinkhole,3,1,1.0,1.0,1.0,1.0,0.0
cart,increase_rank,sybil,0,1,0.7,0.4167,0.2,0.2703,0.1077
cart,increase_rank,sybil,1,1,0.9306,1.0,0.75,0.8571,0.0
cart,increase_rank,sybil,2,1,0.9259,1.0,0.7333,0.8462,0.0
cart,increase_rank,sybil,3,1,1.0,1.0,1.0,1.0,0.0
cart,increase_rank,wormhole,0,1,0.7222,0.0,0.0,0.0,0.0
cart,increase_rank,wormhole,1,1,1.0,1.0,1.0,1.0,0.0
cart,increase_rank,wormhole,2,1,1.0,1.0,1.0,1.0,0.0
cart,increase_rank,wormhole,3,1,1.0,1.0,1.0,1.0,0.0
cart,increase_rank,worst_parent,0,1,0.9222,0.7812,1.0,0.8772,0.1077
cart,increase_rank,worst_parent,1,1,1.0,1.0,1.0,1.0,0.0
cart,increase_rank,worst_parent,2,1,1.0,1.0,1.0,1.0,0.0
cart,increase_rank,worst_parent,3,1,0.9167,0.7692,1.0,0.8696,0.1154
cart,sinkhole,blackhole,0,1,0.7222,0.0,0.0,0.0,0.0
cart,sinkhole,blackhole,1,1,1.0,1.0,1.0,1.0,0.0
cart,sinkhole,blackhole,2,1,1.0,1.0,1.0,1.0,0.0
cart,sinkhole,blackhole,3,1,1.0,1.0,1.0,1.0,0.0
cart,sinkhole,dio_suppression,0,1,0.7222,0.0,0.0,0.0,0.0
cart,sinkhole,dio_suppression,1,1,0.7222,0.5,0.05,0.0909,0.0192
cart,sinkhole,dio_suppression,2,1,0.7963,0.5769,1.0,0.7317,0.2821
cart,sinkhole,dio_suppression,3,1,0.75,0.5263,1.0,0.6897,0.3462
cart,sinkhole,dis_flood,0,1,0.7222,0.0,0.0,0.0,0.0
cart,sinkhole,dis_flood,1,1,1.0,1.0,1.0,1.0,0.0
cart,sinkhole,dis_flood,2,1,1.0,1.0,1.0,1.0,0.0
cart,sinkhole,dis_flood,3,1,1.0,1.0,1.0,1.0,0.0
cart,sinkhole,grayhole,0,1,0.7222,0.0,0.0,0.0,0.0
cart,sinkhole,grayhole,1,1,0.9444,1.0,0.8,0.8889,0.0
cart,sinkhole,grayhole,2,1,0.9815,1.0,0.9333,0.9655,0.0
cart,sinkhole,grayhole,3,1,1.0,1.0,1.0,1.0,0.0
cart,sinkhole,increase_rank,0,1,0.7222,0.0,0.0,0.0,0.0
cart,sinkhole,increase_rank,1,1,0.8333,0.6818,0.75,0.7143,0.1346
cart,sinkhole,increase_rank,2,1,0.8519,0.6667,0.9333,0.7778,0.1795
cart,sinkhole,increase_rank,3,1,0.8611,0.6667,1.0,0.8,0.1923
cart,sinkhole,sybil,0,1,0.7222,0.0,0.0,0.0,0.0
cart,sinkhole,sybil,1,1,1.0,1.0,1.0,1.0,0.0
cart,sinkhole,sybil,2,1,1.0,1.0,1.0,1.0,0.0
cart,sinkhole,sybil,3,1,1.0,1.0,1.0,1.0,0.0
cart,sinkhole,wormhole,0,1,0.7222,0.0,0.0,0.0,0.0
cart,sinkhole,wormhole,1,1,0.8889,0.875,0.7,0.7778,0.0385
cart,sinkhole,wormhole,2,1,0.8519,0.8182,0.6,0.6923,0.0513
cart,sinkhole,wormhole,3,1,0.8333,0.6667,0.8,0.7273,0.1538
cart,sinkhole,worst_parent,0,1,0.7222,0.0,0.0,0.0,0.0
cart,sinkhole,worst_parent,1,1,1.0,1.0,1.0,1.0,0.0
cart,sinkhole,worst_parent,2,1,1.0,1.0,1.0,1.0,0.0
cart,sinkhole,worst_parent,3,1,1.0,1.0,1.0,1.0,0.0
cart,sybil,blackhole,0,1,0.7222,0.0,0.0,0.0,0.0
cart,sybil,blackhole,1,1,1.0,1.0,1.0,1.0,0.0
cart,sybil,blackhole,2,1,1.0,1.0,1.0,1.0,0.0
cart,sybil,blackhole,3,1,1.0,1.0,1.0,1.0,0.0
cart,sybil,dio_suppression,0,1,0.7222,0.0,0.0,0.0,0.0
cart,sybil,dio_suppression,1,1,0.7222,0.0,0.0,0.0,0.0
cart,sybil,dio_suppression,2,1,0.7222,0.0,0.0,0.0,0.0
cart,sybil,dio_suppression,3,1,0.7222,0.0,0.0,0.0,0.0
cart,sybil,dis_flood,0,1,1.0,1.0,1.0,1.0,0.0
cart,sybil,dis_flood,1,1,1.0,1.0,1.0,1.0,0.0
cart,sybil,dis_flood,2,1,1.0,1.0,1.0,1.0,0.0
cart,sybil,dis_flood,3,1,1.0,1.0,1.0,1.0,0.0
cart,sybil,grayhole,0,1,0.7222,0.0,0.0,0.0,0.0
cart,sybil,grayhole,1,1,0.9444,1.0,0.8,0.8889,0.0
cart,sybil,grayhole,2,1,0.9815,1.0,0.9333,0.9655,0.0
cart,sybil,grayhole,3,1,1.0,1.0,1.0,1.0,0.0
cart,sybil,increase_rank,0,1,0.7222,0.0,0.0,0.0,0.0
cart,sybil,increase_rank,1,1,0.875,1.0,0.55,0.7097,0.0
cart,sybil,increase_rank,2,1,0.8889,1.0,0.6,0.75,0.0
cart,sybil,increase_rank,3,1,0.9167,1.0,0.7,0.8235,0.0
cart,sybil,sinkhole,0,1,0.7222,0.0,0.0,0.0,0.0
cart,sybil,sinkhole,1,1,1.0,1.0,1.0,1.0,0.0
cart,sybil,sinkhole,2,1,1.0,1.0,1.0,1.0,0.0
cart,sybil,sinkhole,3,1,1.0,1.0,1.0,1.0,0.0
cart,sybil,wormhole,0,1,0.7222,0.0,0.0,0.0,0.0
cart,sybil,wormhole,1,1,1.0,1.0,1.0,1.0,0.0
cart,sybil,wormhole,2,1,1.0,1.0,1.0,1.0,0.0
cart,sybil,wormhole,3,1,1.0,1.0,1.0,1.0,0.0
cart,sybil,worst_parent,0,1,1.0,1.0,1.0,1.0,0.0
cart,sybil,worst_parent,1,1,1.0,1.0,1.0,1.0,0.0
cart,sybil,worst_parent,2,1,1.0,1.0,1.0,1.0,0.0
cart,sybil,worst_parent,3,1,1.0,1.0,1.0,1.0,0.0
cart,wormhole,blackhole,0,1,0.3889,0.3125,1.0,0.4762,0.8462
cart,wormhole,blackhole,1,1,1.0,1.0,1.0,1.0,0.0
cart,wormhole,blackhole,2,1,0.8704,1.0,0.5333,0.6957,0.0
cart,wormhole,blackhole,3,1,0.9722,1.0,0.9,0.9474,0.0
cart,wormhole,dio_suppression,0,1,0.3889,0.3125,1.0,0.4762,0.8462
cart,wormhole,dio_suppression,1,1,0.7778,0.5909,0.65,0.619,0.1731
cart,wormhole,dio_suppression,2,1,0.7963,0.5769,1.0,0.7317,0.2821
cart,wormhole,dio_suppression,3,1,0.8056,0.5882,1.0,0.7407,0.2692
cart,wormhole,dis_flood,0,1,0.3889,0.3125,1.0,0.4762,0.8462
cart,wormhole,dis_flood,1,1,1.0,1.0,1.0,1.0,0.0
cart,wormhole,dis_flood,2,1,1.0,1.0,1.0,1.0,0.0
cart,wormhole,dis_flood,3,1,1.0,1.0,1.0,1.0,0.0
cart,wormhole,grayhole,0,1,0.3889,0.3125,1.0,0.4762,0.8462
cart,wormhole,grayhole,1,1,0.9583,1.0,0.85,0.9189,0.0
cart,wormhole,grayhole,2,1,0.9444,1.0,0.8,0.8889,0.0
cart,wormhole,grayhole,3,1,1.0,1.0,1.0,1.0,0.0
cart,wormhole,increase_rank,0,1,0.3889,0.3125,1.0,0.4762,0.8462
cart,wormhole,increase_rank,1,1,0.8056,0.625,0.75,0.6818,0.1731
cart,wormhole,increase_rank,2,1,0.8519,0.6667,0.9333,0.7778,0.1795
cart,wormhole,increase_rank,3,1,0.8611,0.6667,1.0,0.8,0.1923
cart,wormhole,sinkhole,0,1,0.3889,0.3125,1.0,0.4762,0.8462
cart,wormhole,sinkhole,1,1,1.0,1.0,1.0,1.0,0.0
cart,wormhole,sinkhole,2,1,1.0,1.0,1.0,1.0,0.0
cart,wormhole,sinkhole,3,1,1.0,1.0,1.0,1.0,0.0
cart,wormhole,sybil,0,1,0.3889,0.3125,1.0,0.4762,0.8462
cart,wormhole,sybil,1,1,1.0,1.0,1.0,1.0,0.0
cart,wormhole,sybil,2,1,1.0,1.0,1.0,1.0,0.0
cart,wormhole,sybil,3,1,1.0,1.0,1.0,1.0,0.0
cart,wormhole,worst_parent,0,1,0.3889,0.3125,1.0,0.4762,0.8462
cart,wormhole,worst_parent,1,1,1.0,1.0,1.0,1.0,0.0
cart,wormhole,worst_parent,2,1,1.0,1.0,1.0,1.0,0.0
cart,wormhole,worst_parent,3,1,1.0,1.0,1.0,1.0,0.0
cart,worst_parent,blackhole,0,1,0.7222,0.0,0.0,0.0,0.0
cart,worst_parent,blackhole,1,1,1.0,1.0,1.0,1.0,0.0
cart,worst_parent,blackhole,2,1,1.0,1.0,1.0,1.0,0.0
cart,worst_parent,blackhole,3,1,1.0,1.0,1.0,1.0,0.0
cart,worst_parent,dio_suppression,0,1,0.7222,0.0,0.0,0.0,0.0
cart,worst_parent,dio_suppression,1,1,0.7222,0.0,0.0,0.0,0.0
cart,worst_parent,dio_suppression,2,1,0.7222,0.0,0.0,0.0,0.0
cart,worst_parent,dio_suppression,3,1,0.7222,0.0,0.0,0.0,0.0
cart,worst_parent,dis_flood,0,1,0.7222,0.0,0.0,0.0,0.0
cart,worst_parent,dis_flood,1,1,1.0,1.0,1.0,1.0,0.0
cart,worst_parent,dis_flood,2,1,1.0,1.0,1.0,1.0,0.0
cart,worst_parent,dis_flood,3,1,1.0,1.0,1.0,1.0,0.0
cart,worst_parent,grayhole,0,1,0.7222,0.0,0.0,0.0,0.0
cart,worst_parent,grayhole,1,1,0.9444,1.0,0.8,0.8889,0.0
cart,worst_parent,grayhole,2,1,0.9815,1.0,0.9333,0.9655,0.0
cart,worst_parent,grayhole,3,1,1.0,1.0,1.0,1.0,0.0
cart,worst_parent,increase_rank,0,1,0.7222,0.0,0.0,0.0,0.0
cart,worst_parent,increase_rank,1,1,0.9028,1.0,0.65,0.7879,0.0
cart,worst_parent,increase_rank,2,1,0.8889,1.0,0.6,0.75,0.0
cart,worst_parent,increase_rank,3,1,0.9167,1.0,0.7,0.8235,0.0
cart,worst_parent,sinkhole,0,1,0.7222,0.0,0.0,0.0,0.0
cart,worst_parent,sinkhole,1,1,1.0,1.0,1.0,1.0,0.0
cart,worst_parent,sinkhole,2,1,1.0,1.0,1.0,1.0,0.0
cart,worst_parent,sinkhole,3,1,1.0,1.0,1.0,1.0,0.0
cart,worst_parent,sybil,0,1,0.7222,0.0,0.0,0.0,0.0
cart,worst_parent,sybil,1,1,1.0,1.0,1.0,1.0,0.0
cart,worst_parent,sybil,2,1,1.0,1.0,1.0,1.0,0.0
cart,worst_parent,sybil,3,1,1.0,1.0,1.0,1.0,0.0
cart,worst_parent,wormhole,0,1,0.7222,0.0,0.0,0.0,0.0
cart,worst_parent,wormhole,1,1,1.0,1.0,1.0,1.0,0.0
cart,worst_parent,wormhole,2,1,1.0,1.0,1.0,1.0,0.0
cart,worst_parent,wormhole,3,1,1.0,1.0,1.0,1.0,0.0
