condition,family,model,feature_set,adaptation_seeds,selected_seeds,test_seeds,adaptation_windows,test_windows,n,accuracy,precision,recall,f1,f2,fpr,tp,tn,fp,fn
ATTACKER_RELOCATED,blackhole,cart,coarse,0,,"123456,234567,345678,456789,567890",0,90,90,0.9,0.7353,1.0,0.8475,0.9328,0.1385,25,56,9,0
ATTACKER_RELOCATED,blackhole,cart,coarse,1,123456,"234567,345678,456789,567890",18,72,72,1.0,1.0,1.0,1.0,1.0,0.0,20,52,0,0
ATTACKER_RELOCATED,blackhole,cart,coarse,1,234567,"123456,345678,456789,567890",18,72,72,1.0,1.0,1.0,1.0,1.0,0.0,20,52,0,0
ATTACKER_RELOCATED,blackhole,cart,coarse,1,345678,"123456,234567,456789,567890",18,72,72,1.0,1.0,1.0,1.0,1.0,0.0,20,52,0,0
ATTACKER_RELOCATED,blackhole,cart,coarse,1,456789,"123456,234567,345678,567890",18,72,72,0.9028,0.7407,1.0,0.8511,0.9346,0.1346,20,45,7,0
ATTACKER_RELOCATED,blackhole,cart,coarse,1,567890,"123456,234567,345678,456789",18,72,72,1.0,1.0,1.0,1.0,1.0,0.0,20,52,0,0
ATTACKER_RELOCATED,blackhole,cart,coarse,2,"123456,234567","345678,456789,567890",36,54,54,1.0,1.0,1.0,1.0,1.0,0.0,15,39,0,0
ATTACKER_RELOCATED,blackhole,cart,coarse,2,"123456,345678","234567,456789,567890",36,54,54,1.0,1.0,1.0,1.0,1.0,0.0,15,39,0,0
ATTACKER_RELOCATED,blackhole,cart,coarse,2,"123456,456789","234567,345678,567890",36,54,54,1.0,1.0,1.0,1.0,1.0,0.0,15,39,0,0
ATTACKER_RELOCATED,blackhole,cart,coarse,2,"123456,567890","234567,345678,456789",36,54,54,1.0,1.0,1.0,1.0,1.0,0.0,15,39,0,0
ATTACKER_RELOCATED,blackhole,cart,coarse,2,"234567,345678","123456,456789,567890",36,54,54,1.0,1.0,1.0,1.0,1.0,0.0,15,39,0,0
ATTACKER_RELOCATED,blackhole,cart,coarse,2,"234567,456789","123456,345678,567890",36,54,54,1.0,1.0,1.0,1.0,1.0,0.0,15,39,0,0
ATTACKER_RELOCATED,blackhole,cart,coarse,2,"234567,567890","123456,345678,456789",36,54,54,1.0,1.0,1.0,1.0,1.0,0.0,15,39,0,0
ATTACKER_RELOCATED,blackhole,cart,coarse,2,"345678,456789","123456,234567,567890",36,54,54,1.0,1.0,1.0,1.0,1.0,0.0,15,39,0,0
ATTACKER_RELOCATED,blackhole,cart,coarse,2,"345678,567890","123456,234567,456789",36,54,54,1.0,1.0,1.0,1.0,1.0,0.0,15,39,0,0
ATTACKER_RELOCATED,blackhole,cart,coarse,2,"456789,567890","123456,234567,345678",36,54,54,1.0,1.0,1.0,1.0,1.0,0.0,15,39,0,0
ATTACKER_RELOCATED,blackhole,cart,coarse,3,"123456,234567,345678","456789,567890",54,36,36,1.0,1.0,1.0,1.0,1.0,0.0,10,26,0,0
ATTACKER_RELOCATED,blackhole,cart,coarse,3,"123456,234567,456789","345678,567890",54,36,36,1.0,1.0,1.0,1.0,1.0,0.0,10,26,0,0
ATTACKER_RELOCATED,blackhole,cart,coarse,3,"123456,234567,567890","345678,456789",54,36,36,1.0,1.0,1.0,1.0,1.0,0.0,10,26,0,0
ATTACKER_RELOCATED,blackhole,cart,coarse,3,"123456,345678,456789","234567,567890",54,36,36,1.0,1.0,1.0,1.0,1.0,0.0,10,26,0,0
ATTACKER_RELOCATED,blackhole,cart,coarse,3,"123456,345678,567890","234567,456789",54,36,36,1.0,1.0,1.0,1.0,1.0,0.0,10,26,0,0
ATTACKER_RELOCATED,blackhole,cart,coarse,3,"123456,456789,567890","234567,345678",54,36,36,1.0,1.0,1.0,1.0,1.0,0.0,10,26,0,0
ATTACKER_RELOCATED,blackhole,cart,coarse,3,"234567,345678,456789","123456,567890",54,36,36,1.0,1.0,1.0,1.0,1.0,0.0,10,26,0,0
ATTACKER_RELOCATED,blackhole,cart,coarse,3,"234567,345678,567890","123456,456789",54,36,36,1.0,1.0,1.0,1.0,1.0,0.0,10,26,0,0
ATTACKER_RELOCATED,blackhole,cart,coarse,3,"234567,456789,567890","123456,345678",54,36,36,1.0,1.0,1.0,1.0,1.0,0.0,10,26,0,0
ATTACKER_RELOCATED,blackhole,cart,coarse,3,"345678,456789,567890","123456,234567",54,36,36,1.0,1.0,1.0,1.0,1.0,0.0,10,26,0,0
ATTACKER_RELOCATED,blackhole,cart,coarse_plus_routing,0,,"123456,234567,345678,456789,567890",0,90,90,0.3889,0.3125,1.0,0.4762,0.6944,0.8462,25,10,55,0
ATTACKER_RELOCATED,blackhole,cart,coarse_plus_routing,1,123456,"234567,345678,456789,567890",18,72,72,1.0,1.0,1.0,1.0,1.0,0.0,20,52,0,0
ATTACKER_RELOCATED,blackhole,cart,coarse_plus_routing,1,234567,"123456,345678,456789,567890",18,72,72,1.0,1.0,1.0,1.0,1.0,0.0,20,52,0,0
ATTACKER_RELOCATED,blackhole,cart,coarse_plus_routing,1,345678,"123456,234567,456789,567890",18,72,72,1.0,1.0,1.0,1.0,1.0,0.0,20,52,0,0
ATTACKER_RELOCATED,blackhole,cart,coarse_plus_routing,1,456789,"123456,234567,345678,567890",18,72,72,1.0,1.0,1.0,1.0,1.0,0.0,20,52,0,0
ATTACKER_RELOCATED,blackhole,cart,coarse_plus_routing,1,567890,"123456,234567,345678,456789",18,72,72,1.0,1.0,1.0,1.0,1.0,0.0,20,52,0,0
ATTACKER_RELOCATED,blackhole,cart,coarse_plus_routing,2,"123456,234567","345678,456789,567890",36,54,54,1.0,1.0,1.0,1.0,1.0,0.0,15,39,0,0
ATTACKER_RELOCATED,blackhole,cart,coarse_plus_routing,2,"123456,345678","234567,456789,567890",36,54,54,1.0,1.0,1.0,1.0,1.0,0.0,15,39,0,0
ATTACKER_RELOCATED,blackhole,cart,coarse_plus_routing,2,"123456,456789","234567,345678,567890",36,54,54,1.0,1.0,1.0,1.0,1.0,0.0,15,39,0,0
ATTACKER_RELOCATED,blackhole,cart,coarse_plus_routing,2,"123456,567890","234567,345678,456789",36,54,54,1.0,1.0,1.0,1.0,1.0,0.0,15,39,0,0
ATTACKER_RELOCATED,blackhole,cart,coarse_plus_routing,2,"234567,345678","123456,456789,567890",36,54,54,1.0,1.0,1.0,1.0,1.0,0.0,15,39,0,0
ATTACKER_RELOCATED,blackhole,cart,coarse_plus_routing,2,"234567,456789","123456,345678,567890",36,54,54,1.0,1.0,1.0,1.0,1.0,0.0,15,39,0,0
ATTACKER_RELOCATED,blackhole,cart,coarse_plus_routing,2,"234567,567890","123456,345678,456789",36,54,54,1.0,1.0,1.0,1.0,1.0,0.0,15,39,0,0
ATTACKER_RELOCATED,blackhole,cart,coarse_plus_routing,2,"345678,456789","123456,234567,567890",36,54,54,1.0,1.0,1.0,1.0,1.0,0.0,15,39,0,0
ATTACKER_RELOCATED,blackhole,cart,coarse_plus_routing,2,"345678,567890","123456,234567,456789",36,54,54,1.0,1.0,1.0,1.0,1.0,0.0,15,39,0,0
ATTACKER_RELOCATED,blackhole,cart,coarse_plus_routing,2,"456789,567890","123456,234567,345678",36,54,54,1.0,1.0,1.0,1.0,1.0,0.0,15,39,0,0
ATTACKER_RELOCATED,blackhole,cart,coarse_plus_routing,3,"123456,234567,345678","456789,567890",54,36,36,1.0,1.0,1.0,1.0,1.0,0.0,10,26,0,0
ATTACKER_RELOCATED,blackhole,cart,coarse_plus_routing,3,"123456,234567,456789","345678,567890",54,36,36,1.0,1.0,1.0,1.0,1.0,0.0,10,26,0,0
ATTACKER_RELOCATED,blackhole,cart,coarse_plus_routing,3,"123456,234567,567890","345678,456789",54,36,36,1.0,1.0,1.0,1.0,1.0,0.0,10,26,0,0
ATTACKER_RELOCATED,blackhole,cart,coarse_plus_routing,3,"123456,345678,456789","234567,567890",54,36,36,1.0,1.0,1.0,1.0,1.0,0.0,10,26,0,0
ATTACKER_RELOCATED,blackhole,cart,coarse_plus_routing,3,"123456,345678,567890","234567,456789",54,36,36,1.0,1.0,1.0,1.0,1.0,0.0,10,26,0,0
ATTACKER_RELOCATED,blackhole,cart,coarse_plus_routing,3,"123456,456789,567890","234567,345678",54,36,36,1.0,1.0,1.0,1.0,1.0,0.0,10,26,0,0
ATTACKER_RELOCATED,blackhole,cart,coarse_plus_routing,3,"234567,345678,456789","123456,567890",54,36,36,1.0,1.0,1.0,1.0,1.0,0.0,10,26,0,0
ATTACKER_RELOCATED,blackhole,cart,coarse_plus_routing,3,"234567,345678,567890","123456,456789",54,36,36,1.0,1.0,1.0,1.0,1.0,0.0,10,26,0,0
ATTACKER_RELOCATED,blackhole,cart,coarse_plus_routing,3,"234567,456789,567890","123456,345678",54,36,36,1.0,1.0,1.0,1.0,1.0,0.0,10,26,0,0
ATTACKER_RELOCATED,blackhole,cart,coarse_plus_routing,3,"345678,456789,567890","123456,234567",54,36,36,1.0,1.0,1.0,1.0,1.0,0.0,10,26,0,0
ATTACKER_RELOCATED,sinkhole,cart,coarse,0,,"123456,234567,345678,456789,567890",0,90,90,0.7556,0.5714,0.48,0.5217,0.4959,0.1385,12,56,9,13
ATTACKER_RELOCATED,sinkhole,cart,coarse,1,123456,"234567,345678,456789,567890",18,72,72,0.7222,0.5,0.1,0.1667,0.119,0.0385,2,50,2,18
ATTACKER_RELOCATED,sinkhole,cart,coarse,1,234567,"123456,345678,456789,567890",18,72,72,0.7361,0.5333,0.4,0.4571,0.4211,0.1346,8,45,7,12
ATTACKER_RELOCATED,sinkhole,cart,coarse,1,345678,"123456,234567,456789,567890",18,72,72,0.7083,0.4706,0.4,0.4324,0.4124,0.1731,8,43,9,12
ATTACKER_RELOCATED,sinkhole,cart,coarse,1,456789,"123456,234567,345678,567890",18,72,72,0.75,0.5556,0.5,0.5263,0.5102,0.1538,10,44,8,10
ATTACKER_RELOCATED,sinkhole,cart,coarse,1,567890,"123456,234567,345678,456789",18,72,72,0.6667,0.0,0.0,0,0,0.0769,0,48,4,20
ATTACKER_RELOCATED,sinkhole,cart,coarse,2,"123456,234567","345678,456789,567890",36,54,54,0.7593,0.6,0.4,0.48,0.4286,0.1026,6,35,4,9
ATTACKER_RELOCATED,sinkhole,cart,coarse,2,"123456,345678","234567,456789,567890",36,54,54,0.7037,0.3333,0.0667,0.1111,0.0794,0.0513,1,37,2,14
ATTACKER_RELOCATED,sinkhole,cart,coarse,2,"123456,456789","234567,345678,567890",36,54,54,0.7778,0.6154,0.5333,0.5714,0.5479,0.1282,8,34,5,7
ATTACKER_RELOCATED,sinkhole,cart,coarse,2,"123456,567890","234567,345678,456789",36,54,54,0.7778,0.6667,0.4,0.5,0.4348,0.0769,6,36,3,9
ATTACKER_RELOCATED,sinkhole,cart,coarse,2,"234567,345678","123456,456789,567890",36,54,54,0.6852,0.4286,0.4,0.4138,0.4054,0.2051,6,31,8,9
ATTACKER_RELOCATED,sinkhole,cart,coarse,2,"234567,456789","123456,345678,567890",36,54,54,0.7222,0.5,0.4,0.4444,0.4167,0.1538,6,33,6,9
ATTACKER_RELOCATED,sinkhole,cart,coarse,2,"234567,567890","123456,345678,456789",36,54,54,0.7407,0.5455,0.4,0.4615,0.4225,0.1282,6,34,5,9
ATTACKER_RELOCATED,sinkhole,cart,coarse,2,"345678,456789","123456,234567,567890",36,54,54,0.7407,0.5333,0.5333,0.5333,0.5333,0.1795,8,32,7,7
ATTACKER_RELOCATED,sinkhole,cart,coarse,2,"345678,567890","123456,234567,456789",36,54,54,0.7407,0.5455,0.4,0.4615,0.4225,0.1282,6,34,5,9
ATTACKER_RELOCATED,sinkhole,cart,coarse,2,"456789,567890","123456,234567,345678",36,54,54,0.7037,0.0,0.0,0,0,0.0256,0,38,1,15
ATTACKER_RELOCATED,sinkhole,cart,coarse,3,"123456,234567,345678","456789,567890",54,36,36,0.7778,0.6667,0.4,0.5,0.4348,0.0769,4,24,2,6
ATTACKER_RELOCATED,sinkhole,cart,coarse,3,"123456,234567,456789","345678,567890",54,36,36,0.75,0.5714,0.4,0.4706,0.4255,0.1154,4,23,3,6
ATTACKER_RELOCATED,sinkhole,cart,coarse,3,"123456,234567,567890","345678,456789",54,36,36,0.7222,0.5,0.1,0.1667,0.119,0.0385,1,25,1,9
ATTACKER_RELOCATED,sinkhole,cart,coarse,3,"123456,345678,456789","234567,567890",54,36,36,0.75,0.5714,0.4,0.4706,0.4255,0.1154,4,23,3,6
ATTACKER_RELOCATED,sinkhole,cart,coarse,3,"123456,345678,567890","234567,456789",54,36,36,0.7778,0.6667,0.4,0.5,0.4348,0.0769,4,24,2,6
ATTACKER_RELOCATED,sinkhole,cart,coarse,3,"123456,456789,567890","234567,345678",54,36,36,0.6944,0.0,0.0,0,0,0.0385,0,25,1,10
ATTACKER_RELOCATED,sinkhole,cart,coarse,3,"234567,345678,456789","123456,567890",54,36,36,0.6944,0.4286,0.3,0.3529,0.3191,0.1538,3,22,4,7
ATTACKER_RELOCATED,sinkhole,cart,coarse,3,"234567,345678,567890","123456,456789",54,36,36,0.6667,0.4,0.4,0.4,0.4,0.2308,4,20,6,6
ATTACKER_RELOCATED,sinkhole,cart,coarse,3,"234567,456789,567890","123456,345678",54,36,36,0.7222,0.5,0.4,0.4444,0.4167,0.1538,4,22,4,6
ATTACKER_RELOCATED,sinkhole,cart,coarse,3,"345678,456789,567890","123456,234567",54,36,36,0.75,0.5556,0.5,0.5263,0.5102,0.1538,5,22,4,5
ATTACKER_RELOCATED,sinkhole,cart,coarse_plus_routing,0,,"123456,234567,345678,456789,567890",0,90,90,0.4333,0.3289,1.0,0.495,0.7102,0.7846,25,14,51,0
ATTACKER_RELOCATED,sinkhole,cart,coarse_plus_routing,1,123456,"234567,345678,456789,567890",18,72,72,1.0,1.0,1.0,1.0,1.0,0.0,20,52,0,0
ATTACKER_RELOCATED,sinkhole,cart,coarse_plus_routing,1,234567,"123456,345678,456789,567890",18,72,72,1.0,1.0,1.0,1.0,1.0,0.0,20,52,0,0
ATTACKER_RELOCATED,sinkhole,cart,coarse_plus_routing,1,345678,"123456,234567,456789,567890",18,72,72,1.0,1.0,1.0,1.0,1.0,0.0,20,52,0,0
ATTACKER_RELOCATED,sinkhole,cart,coarse_plus_routing,1,456789,"123456,234567,345678,567890",18,72,72,1.0,1.0,1.0,1.0,1.0,0.0,20,52,0,0
ATTACKER_RELOCATED,sinkhole,cart,coarse_plus_routing,1,567890,"123456,234567,345678,456789",18,72,72,1.0,1.0,1.0,1.0,1.0,0.0,20,52,0,0
ATTACKER_RELOCATED,sinkhole,cart,coarse_plus_routing,2,"123456,234567","345678,456789,567890",36,54,54,1.0,1.0,1.0,1.0,1.0,0.0,15,39,0,0
ATTACKER_RELOCATED,sinkhole,cart,coarse_plus_routing,2,"123456,345678","234567,456789,567890",36,54,54,1.0,1.0,1.0,1.0,1.0,0.0,15,39,0,0
ATTACKER_RELOCATED,sinkhole,cart,coarse_plus_routing,2,"123456,456789","234567,345678,567890",36,54,54,1.0,1.0,1.0,1.0,1.0,0.0,15,39,0,0
ATTACKER_RELOCATED,sinkhole,cart,coarse_plus_routing,2,"123456,567890","234567,345678,456789",36,54,54,1.0,1.0,1.0,1.0,1.0,0.0,15,39,0,0
ATTACKER_RELOCATED,sinkhole,cart,coarse_plus_routing,2,"234567,345678","123456,456789,567890",36,54,54,1.0,1.0,1.0,1.0,1.0,0.0,15,39,0,0
ATTACKER_RELOCATED,sinkhole,cart,coarse_plus_routing,2,"234567,456789","123456,345678,567890",36,54,54,1.0,1.0,1.0,1.0,1.0,0.0,15,39,0,0
ATTACKER_RELOCATED,sinkhole,cart,coarse_plus_routing,2,"234567,567890","123456,345678,456789",36,54,54,1.0,1.0,1.0,1.0,1.0,0.0,15,39,0,0
ATTACKER_RELOCATED,sinkhole,cart,coarse_plus_routing,2,"345678,456789","123456,234567,567890",36,54,54,1.0,1.0,1.0,1.0,1.0,0.0,15,39,0,0
ATTACKER_RELOCATED,sinkhole,cart,coarse_plus_routing,2,"345678,567890","123456,234567,456789",36,54,54,1.0,1.0,1.0,1.0,1.0,0.0,15,39,0,0
ATTACKER_RELOCATED,sinkhole,cart,coarse_plus_routing,2,"456789,567890","123456,234567,345678",36,54,54,1.0,1.0,1.0,1.0,1.0,0.0,15,39,0,0
ATTACKER_RELOCATED,sinkhole,cart,coarse_plus_routing,3,"123456,234567,345678","456789,567890",54,36,36,1.0,1.0,1.0,1.0,1.0,0.0,10,26,0,0
ATTACKER_RELOCATED,sinkhole,cart,coarse_plus_routing,3,"123456,234567,456789","345678,567890",54,36,36,1.0,1.0,1.0,1.0,1.0,0.0,10,26,0,0
ATTACKER_RELOCATED,sinkhole,cart,coarse_plus_routing,3,"123456,234567,567890","345678,456789",54,36,36,1.0,1.0,1.0,1.0,1.0,0.0,10,26,0,0
ATTACKER_RELOCATED,sinkhole,cart,coarse_plus_routing,3,"123456,345678,456789","234567,567890",54,36,36,1.0,1.0,1.0,1.0,1.0,0.0,10,26,0,0
ATTACKER_RELOCATED,sinkhole,cart,coarse_plus_routing,3,"123456,345678,567890","234567,456789",54,36,36,1.0,1.0,1.0,1.0,1.0,0.0,10,26,0,0
ATTACKER_RELOCATED,sinkhole,cart,coarse_plus_routing,3,"123456,456789,567890","234567,345678",54,36,36,1.0,1.0,1.0,1.0,1.0,0.0,10,26,0,0
ATTACKER_RELOCATED,sinkhole,cart,coarse_plus_routing,3,"234567,345678,456789","123456,567890",54,36,36,1.0,1.0,1.0,1.0,1.0,0.0,10,26,0,0
ATTACKER_RELOCATED,sinkhole,cart,coarse_plus_routing,3,"234567,345678,567890","123456,456789",54,36,36,1.0,1.0,1.0,1.0,1.0,0.0,10,26,0,0
ATTACKER_RELOCATED,sinkhole,cart,coarse_plus_routing,3,"234567,456789,567890","123456,345678",54,36,36,1.0,1.0,1.0,1.0,1.0,0.0,10,26,0,0
ATTACKER_RELOCATED,sinkhole,cart,coarse_plus_routing,3,"345678,456789,567890","123456,234567",54,36,36,1.0,1.0,1.0,1.0,1.0,0.0,10,26,0,0
ATTACKER_RELOCATED,sybil,cart,coarse,0,,"123456,234567,345678,456789,567890",0,90,90,0.8556,0.7,0.84,0.7636,0.8077,0.1385,21,56,9,4
ATTACKER_RELOCATED,sybil,cart,coarse,1,123456,"234567,345678,456789,567890",18,72,72,0.9861,1.0,0.95,0.9744,0.9596,0.0,19,52,0,1
ATTACKER_RELOCATED,sybil,cart,coarse,1,234567,"123456,345678,456789,567890",18,72,72,0.9861,1.0,0.95,0.9744,0.9596,0.0,19,52,0,1
ATTACKER_RELOCATED,sybil,cart,coarse,1,345678,"123456,234567,456789,567890",18,72,72,1.0,1.0,1.0,1.0,1.0,0.0,20,52,0,0
ATTACKER_RELOCATED,sybil,cart,coarse,1,456789,"123456,234567,345678,567890",18,72,72,1.0,1.0,1.0,1.0,1.0,0.0,20,52,0,0
ATTACKER_RELOCATED,sybil,cart,coarse,1,567890,"123456,234567,345678,456789",18,72,72,0.9861,1.0,0.95,0.9744,0.9596,0.0,19,52,0,1
ATTACKER_RELOCATED,sybil,cart,coarse,2,"123456,234567","345678,456789,567890",36,54,54,0.9815,1.0,0.9333,0.9655,0.9459,0.0,14,39,0,1
ATTACKER_RELOCATED,sybil,cart,coarse,2,"123456,345678","234567,456789,567890",36,54,54,1.0,1.0,1.0,1.0,1.0,0.0,15,39,0,0
ATTACKER_RELOCATED,sybil,cart,coarse,2,"123456,456789","234567,345678,567890",36,54,54,1.0,1.0,1.0,1.0,1.0,0.0,15,39,0,0
ATTACKER_RELOCATED,sybil,cart,coarse,2,"123456,567890","234567,345678,456789",36,54,54,0.9815,1.0,0.9333,0.9655,0.9459,0.0,14,39,0,1
ATTACKER_RELOCATED,sybil,cart,coarse,2,"234567,345678","123456,456789,567890",36,54,54,1.0,1.0,1.0,1.0,1.0,0.0,15,39,0,0
ATTACKER_RELOCATED,sybil,cart,coarse,2,"234567,456789","123456,345678,567890",36,54,54,1.0,1.0,1.0,1.0,1.0,0.0,15,39,0,0
ATTACKER_RELOCATED,sybil,cart,coarse,2,"234567,567890","123456,345678,456789",36,54,54,0.9815,1.0,0.9333,0.9655,0.9459,0.0,14,39,0,1
ATTACKER_RELOCATED,sybil,cart,coarse,2,"345678,456789","123456,234567,567890",36,54,54,1.0,1.0,1.0,1.0,1.0,0.0,15,39,0,0
ATTACKER_RELOCATED,sybil,cart,coarse,2,"345678,567890","123456,234567,456789",36,54,54,1.0,1.0,1.0,1.0,1.0,0.0,15,39,0,0
ATTACKER_RELOCATED,sybil,cart,coarse,2,"456789,567890","123456,234567,345678",36,54,54,1.0,1.0,1.0,1.0,1.0,0.0,15,39,0,0
ATTACKER_RELOCATED,sybil,cart,coarse,3,"123456,234567,345678","456789,567890",54,36,36,1.0,1.0,1.0,1.0,1.0,0.0,10,26,0,0
ATTACKER_RELOCATED,sybil,cart,coarse,3,"123456,234567,456789","345678,567890",54,36,36,1.0,1.0,1.0,1.0,1.0,0.0,10,26,0,0
ATTACKER_RELOCATED,sybil,cart,coarse,3,"123456,234567,567890","345678,456789",54,36,36,0.9722,1.0,0.9,0.9474,0.9184,0.0,9,26,0,1
ATTACKER_RELOCATED,sybil,cart,coarse,3,"123456,345678,456789","234567,567890",54,36,36,1.0,1.0,1.0,1.0,1.0,0.0,10,26,0,0
ATTACKER_RELOCATED,sybil,cart,coarse,3,"123456,345678,567890","234567,456789",54,36,36,1.0,1.0,1.0,1.0,1.0,0.0,10,26,0,0
ATTACKER_RELOCATED,sybil,cart,coarse,3,"123456,456789,567890","234567,345678",54,36,36,1.0,1.0,1.0,1.0,1.0,0.0,10,26,0,0
ATTACKER_RELOCATED,sybil,cart,coarse,3,"234567,345678,456789","123456,567890",54,36,36,1.0,1.0,1.0,1.0,1.0,0.0,10,26,0,0
ATTACKER_RELOCATED,sybil,cart,coarse,3,"234567,345678,567890","123456,456789",54,36,36,1.0,1.0,1.0,1.0,1.0,0.0,10,26,0,0
ATTACKER_RELOCATED,sybil,cart,coarse,3,"234567,456789,567890","123456,345678",54,36,36,1.0,1.0,1.0,1.0,1.0,0.0,10,26,0,0
ATTACKER_RELOCATED,sybil,cart,coarse,3,"345678,456789,567890","123456,234567",54,36,36,1.0,1.0,1.0,1.0,1.0,0.0,10,26,0,0
ATTACKER_RELOCATED,sybil,cart,coarse_plus_routing,0,,"123456,234567,345678,456789,567890",0,90,90,0.3889,0.3125,1.0,0.4762,0.6944,0.8462,25,10,55,0
ATTACKER_RELOCATED,sybil,cart,coarse_plus_routing,1,123456,"234567,345678,456789,567890",18,72,72,0.9861,1.0,0.95,0.9744,0.9596,0.0,19,52,0,1
ATTACKER_RELOCATED,sybil,cart,coarse_plus_routing,1,234567,"123456,345678,456789,567890",18,72,72,0.9861,1.0,0.95,0.9744,0.9596,0.0,19,52,0,1
ATTACKER_RELOCATED,sybil,cart,coarse_plus_routing,1,345678,"123456,234567,456789,567890",18,72,72,1.0,1.0,1.0,1.0,1.0,0.0,20,52,0,0
ATTACKER_RELOCATED,sybil,cart,coarse_plus_routing,1,456789,"123456,234567,345678,567890",18,72,72,1.0,1.0,1.0,1.0,1.0,0.0,20,52,0,0
ATTACKER_RELOCATED,sybil,cart,coarse_plus_routing,1,567890,"123456,234567,345678,456789",18,72,72,0.9861,1.0,0.95,0.9744,0.9596,0.0,19,52,0,1
ATTACKER_RELOCATED,sybil,cart,coarse_plus_routing,2,"123456,234567","345678,456789,567890",36,54,54,0.9815,1.0,0.9333,0.9655,0.9459,0.0,14,39,0,1
ATTACKER_RELOCATED,sybil,cart,coarse_plus_routing,2,"123456,345678","234567,456789,567890",36,54,54,1.0,1.0,1.0,1.0,1.0,0.0,15,39,0,0
ATTACKER_RELOCATED,sybil,cart,coarse_plus_routing,2,"123456,456789","234567,345678,567890",36,54,54,1.0,1.0,1.0,1.0,1.0,0.0,15,39,0,0
ATTACKER_RELOCATED,sybil,cart,coarse_plus_routing,2,"123456,567890","234567,345678,456789",36,54,54,0.9815,1.0,0.9333,0.9655,0.9459,0.0,14,39,0,1
ATTACKER_RELOCATED,sybil,cart,coarse_plus_routing,2,"234567,345678","123456,456789,567890",36,54,54,1.0,1.0,1.0,1.0,1.0,0.0,15,39,0,0
ATTACKER_RELOCATED,sybil,cart,coarse_plus_routing,2,"234567,456789","123456,345678,567890",36,54,54,1.0,1.0,1.0,1.0,1.0,0.0,15,39,0,0
ATTACKER_RELOCATED,sybil,cart,coarse_plus_routing,2,"234567,567890","123456,345678,456789",36,54,54,0.9815,1.0,0.9333,0.9655,0.9459,0.0,14,39,0,1
ATTACKER_RELOCATED,sybil,cart,coarse_plus_routing,2,"345678,456789","123456,234567,567890",36,54,54,1.0,1.0,1.0,1.0,1.0,0.0,15,39,0,0
ATTACKER_RELOCATED,sybil,cart,coarse_plus_routing,2,"345678,567890","123456,234567,456789",36,54,54,1.0,1.0,1.0,1.0,1.0,0.0,15,39,0,0
ATTACKER_RELOCATED,sybil,cart,coarse_plus_routing,2,"456789,567890","123456,234567,345678",36,54,54,1.0,1.0,1.0,1.0,1.0,0.0,15,39,0,0
ATTACKER_RELOCATED,sybil,cart,coarse_plus_routing,3,"123456,234567,345678","456789,567890",54,36,36,1.0,1.0,1.0,1.0,1.0,0.0,10,26,0,0
ATTACKER_RELOCATED,sybil,cart,coarse_plus_routing,3,"123456,234567,456789","345678,567890",54,36,36,1.0,1.0,1.0,1.0,1.0,0.0,10,26,0,0
ATTACKER_RELOCATED,sybil,cart,coarse_plus_routing,3,"123456,234567,567890","345678,456789",54,36,36,0.9722,1.0,0.9,0.9474,0.9184,0.0,9,26,0,1
ATTACKER_RELOCATED,sybil,cart,coarse_plus_routing,3,"123456,345678,456789","234567,567890",54,36,36,1.0,1.0,1.0,1.0,1.0,0.0,10,26,0,0
ATTACKER_RELOCATED,sybil,cart,coarse_plus_routing,3,"123456,345678,567890","234567,456789",54,36,36,1.0,1.0,1.0,1.0,1.0,0.0,10,26,0,0
ATTACKER_RELOCATED,sybil,cart,coarse_plus_routing,3,"123456,456789,567890","234567,345678",54,36,36,1.0,1.0,1.0,1.0,1.0,0.0,10,26,0,0
ATTACKER_RELOCATED,sybil,cart,coarse_plus_routing,3,"234567,345678,456789","123456,567890",54,36,36,1.0,1.0,1.0,1.0,1.0,0.0,10,26,0,0
ATTACKER_RELOCATED,sybil,cart,coarse_plus_routing,3,"234567,345678,567890","123456,456789",54,36,36,1.0,1.0,1.0,1.0,1.0,0.0,10,26,0,0
ATTACKER_RELOCATED,sybil,cart,coarse_plus_routing,3,"234567,456789,567890","123456,345678",54,36,36,1.0,1.0,1.0,1.0,1.0,0.0,10,26,0,0
ATTACKER_RELOCATED,sybil,cart,coarse_plus_routing,3,"345678,456789,567890","123456,234567",54,36,36,1.0,1.0,1.0,1.0,1.0,0.0,10,26,0,0
LOSSY_RADIO,blackhole,cart,coarse,0,,"123456,234567,345678,456789,567890",0,90,90,1.0,1.0,1.0,1.0,1.0,0.0,25,65,0,0
LOSSY_RADIO,blackhole,cart,coarse,1,123456,"234567,345678,456789,567890",18,72,72,1.0,1.0,1.0,1.0,1.0,0.0,20,52,0,0
LOSSY_RADIO,blackhole,cart,coarse,1,234567,"123456,345678,456789,567890",18,72,72,1.0,1.0,1.0,1.0,1.0,0.0,20,52,0,0
LOSSY_RADIO,blackhole,cart,coarse,1,345678,"123456,234567,456789,567890",18,72,72,1.0,1.0,1.0,1.0,1.0,0.0,20,52,0,0
LOSSY_RADIO,blackhole,cart,coarse,1,456789,"123456,234567,345678,567890",18,72,72,1.0,1.0,1.0,1.0,1.0,0.0,20,52,0,0
LOSSY_RADIO,blackhole,cart,coarse,1,567890,"123456,234567,345678,456789",18,72,72,1.0,1.0,1.0,1.0,1.0,0.0,20,52,0,0
LOSSY_RADIO,blackhole,cart,coarse,2,"123456,234567","345678,456789,567890",36,54,54,1.0,1.0,1.0,1.0,1.0,0.0,15,39,0,0
LOSSY_RADIO,blackhole,cart,coarse,2,"123456,345678","234567,456789,567890",36,54,54,1.0,1.0,1.0,1.0,1.0,0.0,15,39,0,0
LOSSY_RADIO,blackhole,cart,coarse,2,"123456,456789","234567,345678,567890",36,54,54,1.0,1.0,1.0,1.0,1.0,0.0,15,39,0,0
LOSSY_RADIO,blackhole,cart,coarse,2,"123456,567890","234567,345678,456789",36,54,54,1.0,1.0,1.0,1.0,1.0,0.0,15,39,0,0
LOSSY_RADIO,blackhole,cart,coarse,2,"234567,345678","123456,456789,567890",36,54,54,1.0,1.0,1.0,1.0,1.0,0.0,15,39,0,0
LOSSY_RADIO,blackhole,cart,coarse,2,"234567,456789","123456,345678,567890",36,54,54,1.0,1.0,1.0,1.0,1.0,0.0,15,39,0,0
LOSSY_RADIO,blackhole,cart,coarse,2,"234567,567890","123456,345678,456789",36,54,54,1.0,1.0,1.0,1.0,1.0,0.0,15,39,0,0
LOSSY_RADIO,blackhole,cart,coarse,2,"345678,456789","123456,234567,567890",36,54,54,1.0,1.0,1.0,1.0,1.0,0.0,15,39,0,0
LOSSY_RADIO,blackhole,cart,coarse,2,"345678,567890","123456,234567,456789",36,54,54,1.0,1.0,1.0,1.0,1.0,0.0,15,39,0,0
LOSSY_RADIO,blackhole,cart,coarse,2,"456789,567890","123456,234567,345678",36,54,54,1.0,1.0,1.0,1.0,1.0,0.0,15,39,0,0
LOSSY_RADIO,blackhole,cart,coarse,3,"123456,234567,345678","456789,567890",54,36,36,1.0,1.0,1.0,1.0,1.0,0.0,10,26,0,0
LOSSY_RADIO,blackhole,cart,coarse,3,"123456,234567,456789","345678,567890",54,36,36,1.0,1.0,1.0,1.0,1.0,0.0,10,26,0,0
LOSSY_RADIO,blackhole,cart,coarse,3,"123456,234567,567890","345678,456789",54,36,36,1.0,1.0,1.0,1.0,1.0,0.0,10,26,0,0
LOSSY_RADIO,blackhole,cart,coarse,3,"123456,345678,456789","234567,567890",54,36,36,1.0,1.0,1.0,1.0,1.0,0.0,10,26,0,0
LOSSY_RADIO,blackhole,cart,coarse,3,"123456,345678,567890","234567,456789",54,36,36,1.0,1.0,1.0,1.0,1.0,0.0,10,26,0,0
LOSSY_RADIO,blackhole,cart,coarse,3,"123456,456789,567890","234567,345678",54,36,36,1.0,1.0,1.0,1.0,1.0,0.0,10,26,0,0
LOSSY_RADIO,blackhole,cart,coarse,3,"234567,345678,456789","123456,567890",54,36,36,1.0,1.0,1.0,1.0,1.0,0.0,10,26,0,0
LOSSY_RADIO,blackhole,cart,coarse,3,"234567,345678,567890","123456,456789",54,36,36,1.0,1.0,1.0,1.0,1.0,0.0,10,26,0,0
LOSSY_RADIO,blackhole,cart,coarse,3,"234567,456789,567890","123456,345678",54,36,36,1.0,1.0,1.0,1.0,1.0,0.0,10,26,0,0
LOSSY_RADIO,blackhole,cart,coarse,3,"345678,456789,567890","123456,234567",54,36,36,1.0,1.0,1.0,1.0,1.0,0.0,10,26,0,0
LOSSY_RADIO,blackhole,cart,coarse_plus_routing,0,,"123456,234567,345678,456789,567890",0,90,90,0.3889,0.3125,1.0,0.4762,0.6944,0.8462,25,10,55,0
LOSSY_RADIO,blackhole,cart,coarse_plus_routing,1,123456,"234567,345678,456789,567890",18,72,72,1.0,1.0,1.0,1.0,1.0,0.0,20,52,0,0
LOSSY_RADIO,blackhole,cart,coarse_plus_routing,1,234567,"123456,345678,456789,567890",18,72,72,1.0,1.0,1.0,1.0,1.0,0.0,20,52,0,0
LOSSY_RADIO,blackhole,cart,coarse_plus_routing,1,345678,"123456,234567,456789,567890",18,72,72,1.0,1.0,1.0,1.0,1.0,0.0,20,52,0,0
LOSSY_RADIO,blackhole,cart,coarse_plus_routing,1,456789,"123456,234567,345678,567890",18,72,72,1.0,1.0,1.0,1.0,1.0,0.0,20,52,0,0
LOSSY_RADIO,blackhole,cart,coarse_plus_routing,1,567890,"123456,234567,345678,456789",18,72,72,1.0,1.0,1.0,1.0,1.0,0.0,20,52,0,0
LOSSY_RADIO,blackhole,cart,coarse_plus_routing,2,"123456,234567","345678,456789,567890",36,54,54,1.0,1.0,1.0,1.0,1.0,0.0,15,39,0,0
LOSSY_RADIO,blackhole,cart,coarse_plus_routing,2,"123456,345678","234567,456789,567890",36,54,54,1.0,1.0,1.0,1.0,1.0,0.0,15,39,0,0
LOSSY_RADIO,blackhole,cart,coarse_plus_routing,2,"123456,456789","234567,345678,567890",36,54,54,1.0,1.0,1.0,1.0,1.0,0.0,15,39,0,0
LOSSY_RADIO,blackhole,cart,coarse_plus_routing,2,"123456,567890","234567,345678,456789",36,54,54,1.0,1.0,1.0,1.0,1.0,0.0,15,39,0,0
LOSSY_RADIO,blackhole,cart,coarse_plus_routing,2,"234567,345678","123456,456789,567890",36,54,54,1.0,1.0,1.0,1.0,1.0,0.0,15,39,0,0
LOSSY_RADIO,blackhole,cart,coarse_plus_routing,2,"234567,456789","123456,345678,567890",36,54,54,1.0,1.0,1.0,1.0,1.0,0.0,15,39,0,0
LOSSY_RADIO,blackhole,cart,coarse_plus_routing,2,"234567,567890","123456,345678,456789",36,54,54,1.0,1.0,1.0,1.0,1.0,0.0,15,39,0,0
LOSSY_RADIO,blackhole,cart,coarse_plus_routing,2,"345678,456789","123456,234567,567890",36,54,54,1.0,1.0,1.0,1.0,1.0,0.0,15,39,0,0
LOSSY_RADIO,blackhole,cart,coarse_plus_routing,2,"345678,567890","123456,234567,456789",36,54,54,1.0,1.0,1.0,1.0,1.0,0.0,15,39,0,0
LOSSY_RADIO,blackhole,cart,coarse_plus_routing,2,"456789,567890","123456,234567,345678",36,54,54,1.0,1.0,1.0,1.0,1.0,0.0,15,39,0,0
LOSSY_RADIO,blackhole,cart,coarse_plus_routing,3,"123456,234567,345678","456789,567890",54,36,36,1.0,1.0,1.0,1.0,1.0,0.0,10,26,0,0
LOSSY_RADIO,blackhole,cart,coarse_plus_routing,3,"123456,234567,456789","345678,567890",54,36,36,1.0,1.0,1.0,1.0,1.0,0.0,10,26,0,0
LOSSY_RADIO,blackhole,cart,coarse_plus_routing,3,"123456,234567,567890","345678,456789",54,36,36,1.0,1.0,1.0,1.0,1.0,0.0,10,26,0,0
LOSSY_RADIO,blackhole,cart,coarse_plus_routing,3,"123456,345678,456789","234567,567890",54,36,36,1.0,1.0,1.0,1.0,1.0,0.0,10,26,0,0
LOSSY_RADIO,blackhole,cart,coarse_plus_routing,3,"123456,345678,567890","234567,456789",54,36,36,1.0,1.0,1.0,1.0,1.0,0.0,10,26,0,0
LOSSY_RADIO,blackhole,cart,coarse_plus_routing,3,"123456,456789,567890","234567,345678",54,36,36,1.0,1.0,1.0,1.0,1.0,0.0,10,26,0,0
LOSSY_RADIO,blackhole,cart,coarse_plus_routing,3,"234567,345678,456789","123456,567890",54,36,36,1.0,1.0,1.0,1.0,1.0,0.0,10,26,0,0
LOSSY_RADIO,blackhole,cart,coarse_plus_routing,3,"234567,345678,567890","123456,456789",54,36,36,1.0,1.0,1.0,1.0,1.0,0.0,10,26,0,0
LOSSY_RADIO,blackhole,cart,coarse_plus_routing,3,"234567,456789,567890","123456,345678",54,36,36,1.0,1.0,1.0,1.0,1.0,0.0,10,26,0,0
LOSSY_RADIO,blackhole,cart,coarse_plus_routing,3,"345678,456789,567890","123456,234567",54,36,36,1.0,1.0,1.0,1.0,1.0,0.0,10,26,0,0
LOSSY_RADIO,sinkhole,cart,coarse,0,,"123456,234567,345678,456789,567890",0,90,90,0.7222,0,0.0,0,0,0.0,0,65,0,25
LOSSY_RADIO,sinkhole,cart,coarse,1,123456,"234567,345678,456789,567890",18,72,72,0.9722,1.0,0.9,0.9474,0.9184,0.0,18,52,0,2
LOSSY_RADIO,sinkhole,cart,coarse,1,234567,"123456,345678,456789,567890",18,72,72,0.9722,1.0,0.9,0.9474,0.9184,0.0,18,52,0,2
LOSSY_RADIO,sinkhole,cart,coarse,1,345678,"123456,234567,456789,567890",18,72,72,0.9861,1.0,0.95,0.9744,0.9596,0.0,19,52,0,1
LOSSY_RADIO,sinkhole,cart,coarse,1,456789,"123456,234567,345678,567890",18,72,72,0.9722,1.0,0.9,0.9474,0.9184,0.0,18,52,0,2
LOSSY_RADIO,sinkhole,cart,coarse,1,567890,"123456,234567,345678,456789",18,72,72,0.8333,1.0,0.4,0.5714,0.4545,0.0,8,52,0,12
LOSSY_RADIO,sinkhole,cart,coarse,2,"123456,234567","345678,456789,567890",36,54,54,0.963,1.0,0.8667,0.9286,0.8904,0.0,13,39,0,2
LOSSY_RADIO,sinkhole,cart,coarse,2,"123456,345678","234567,456789,567890",36,54,54,0.9815,1.0,0.9333,0.9655,0.9459,0.0,14,39,0,1
LOSSY_RADIO,sinkhole,cart,coarse,2,"123456,456789","234567,345678,567890",36,54,54,0.963,1.0,0.8667,0.9286,0.8904,0.0,13,39,0,2
LOSSY_RADIO,sinkhole,cart,coarse,2,"123456,567890","234567,345678,456789",36,54,54,0.9815,1.0,0.9333,0.9655,0.9459,0.0,14,39,0,1
LOSSY_RADIO,sinkhole,cart,coarse,2,"234567,345678","123456,456789,567890",36,54,54,0.9815,1.0,0.9333,0.9655,0.9459,0.0,14,39,0,1
LOSSY_RADIO,sinkhole,cart,coarse,2,"234567,456789","123456,345678,567890",36,54,54,0.963,1.0,0.8667,0.9286,0.8904,0.0,13,39,0,2
LOSSY_RADIO,sinkhole,cart,coarse,2,"234567,567890","123456,345678,456789",36,54,54,0.9815,1.0,0.9333,0.9655,0.9459,0.0,14,39,0,1
LOSSY_RADIO,sinkhole,cart,coarse,2,"345678,456789","123456,234567,567890",36,54,54,0.9815,1.0,0.9333,0.9655,0.9459,0.0,14,39,0,1
LOSSY_RADIO,sinkhole,cart,coarse,2,"345678,567890","123456,234567,456789",36,54,54,1.0,1.0,1.0,1.0,1.0,0.0,15,39,0,0
LOSSY_RADIO,sinkhole,cart,coarse,2,"456789,567890","123456,234567,345678",36,54,54,0.9815,1.0,0.9333,0.9655,0.9459,0.0,14,39,0,1
LOSSY_RADIO,sinkhole,cart,coarse,3,"123456,234567,345678","456789,567890",54,36,36,0.9722,1.0,0.9,0.9474,0.9184,0.0,9,26,0,1
LOSSY_RADIO,sinkhole,cart,coarse,3,"123456,234567,456789","345678,567890",54,36,36,0.9444,1.0,0.8,0.8889,0.8333,0.0,8,26,0,2
LOSSY_RADIO,sinkhole,cart,coarse,3,"123456,234567,567890","345678,456789",54,36,36,0.9722,1.0,0.9,0.9474,0.9184,0.0,9,26,0,1
LOSSY_RADIO,sinkhole,cart,coarse,3,"123456,345678,456789","234567,567890",54,36,36,0.9722,1.0,0.9,0.9474,0.9184,0.0,9,26,0,1
LOSSY_RADIO,sinkhole,cart,coarse,3,"123456,345678,567890","234567,456789",54,36,36,1.0,1.0,1.0,1.0,1.0,0.0,10,26,0,0
LOSSY_RADIO,sinkhole,cart,coarse,3,"123456,456789,567890","234567,345678",54,36,36,0.9722,1.0,0.9,0.9474,0.9184,0.0,9,26,0,1
LOSSY_RADIO,sinkhole,cart,coarse,3,"234567,345678,456789","123456,567890",54,36,36,0.9722,1.0,0.9,0.9474,0.9184,0.0,9,26,0,1
LOSSY_RADIO,sinkhole,cart,coarse,3,"234567,345678,567890","123456,456789",54,36,36,1.0,1.0,1.0,1.0,1.0,0.0,10,26,0,0
LOSSY_RADIO,sinkhole,cart,coarse,3,"234567,456789,567890","123456,345678",54,36,36,0.9722,1.0,0.9,0.9474,0.9184,0.0,9,26,0,1
LOSSY_RADIO,sinkhole,cart,coarse,3,"345678,456789,567890","123456,234567",54,36,36,1.0,1.0,1.0,1.0,1.0,0.0,10,26,0,0
LOSSY_RADIO,sinkhole,cart,coarse_plus_routing,0,,"123456,234567,345678,456789,567890",0,90,90,1.0,1.0,1.0,1.0,1.0,0.0,25,65,0,0
LOSSY_RADIO,sinkhole,cart,coarse_plus_routing,1,123456,"234567,345678,456789,567890",18,72,72,1.0,1.0,1.0,1.0,1.0,0.0,20,52,0,0
LOSSY_RADIO,sinkhole,cart,coarse_plus_routing,1,234567,"123456,345678,456789,567890",18,72,72,1.0,1.0,1.0,1.0,1.0,0.0,20,52,0,0
LOSSY_RADIO,sinkhole,cart,coarse_plus_routing,1,345678,"123456,234567,456789,567890",18,72,72,1.0,1.0,1.0,1.0,1.0,0.0,20,52,0,0
LOSSY_RADIO,sinkhole,cart,coarse_plus_routing,1,456789,"123456,234567,345678,567890",18,72,72,1.0,1.0,1.0,1.0,1.0,0.0,20,52,0,0
LOSSY_RADIO,sinkhole,cart,coarse_plus_routing,1,567890,"123456,234567,345678,456789",18,72,72,1.0,1.0,1.0,1.0,1.0,0.0,20,52,0,0
LOSSY_RADIO,sinkhole,cart,coarse_plus_routing,2,"123456,234567","345678,456789,567890",36,54,54,1.0,1.0,1.0,1.0,1.0,0.0,15,39,0,0
LOSSY_RADIO,sinkhole,cart,coarse_plus_routing,2,"123456,345678","234567,456789,567890",36,54,54,1.0,1.0,1.0,1.0,1.0,0.0,15,39,0,0
LOSSY_RADIO,sinkhole,cart,coarse_plus_routing,2,"123456,456789","234567,345678,567890",36,54,54,1.0,1.0,1.0,1.0,1.0,0.0,15,39,0,0
LOSSY_RADIO,sinkhole,cart,coarse_plus_routing,2,"123456,567890","234567,345678,456789",36,54,54,1.0,1.0,1.0,1.0,1.0,0.0,15,39,0,0
LOSSY_RADIO,sinkhole,cart,coarse_plus_routing,2,"234567,345678","123456,456789,567890",36,54,54,1.0,1.0,1.0,1.0,1.0,0.0,15,39,0,0
LOSSY_RADIO,sinkhole,cart,coarse_plus_routing,2,"234567,456789","123456,345678,567890",36,54,54,1.0,1.0,1.0,1.0,1.0,0.0,15,39,0,0
LOSSY_RADIO,sinkhole,cart,coarse_plus_routing,2,"234567,567890","123456,345678,456789",36,54,54,1.0,1.0,1.0,1.0,1.0,0.0,15,39,0,0
LOSSY_RADIO,sinkhole,cart,coarse_plus_routing,2,"345678,456789","123456,234567,567890",36,54,54,1.0,1.0,1.0,1.0,1.0,0.0,15,39,0,0
LOSSY_RADIO,sinkhole,cart,coarse_plus_routing,2,"345678,567890","123456,234567,456789",36,54,54,1.0,1.0,1.0,1.0,1.0,0.0,15,39,0,0
LOSSY_RADIO,sinkhole,cart,coarse_plus_routing,2,"456789,567890","123456,234567,345678",36,54,54,1.0,1.0,1.0,1.0,1.0,0.0,15,39,0,0
LOSSY_RADIO,sinkhole,cart,coarse_plus_routing,3,"123456,234567,345678","456789,567890",54,36,36,1.0,1.0,1.0,1.0,1.0,0.0,10,26,0,0
LOSSY_RADIO,sinkhole,cart,coarse_plus_routing,3,"123456,234567,456789","345678,567890",54,36,36,1.0,1.0,1.0,1.0,1.0,0.0,10,26,0,0
LOSSY_RADIO,sinkhole,cart,coarse_plus_routing,3,"123456,234567,567890","345678,456789",54,36,36,1.0,1.0,1.0,1.0,1.0,0.0,10,26,0,0
LOSSY_RADIO,sinkhole,cart,coarse_plus_routing,3,"123456,345678,456789","234567,567890",54,36,36,1.0,1.0,1.0,1.0,1.0,0.0,10,26,0,0
LOSSY_RADIO,sinkhole,cart,coarse_plus_routing,3,"123456,345678,567890","234567,456789",54,36,36,1.0,1.0,1.0,1.0,1.0,0.0,10,26,0,0
LOSSY_RADIO,sinkhole,cart,coarse_plus_routing,3,"123456,456789,567890","234567,345678",54,36,36,1.0,1.0,1.0,1.0,1.0,0.0,10,26,0,0
LOSSY_RADIO,sinkhole,cart,coarse_plus_routing,3,"234567,345678,456789","123456,567890",54,36,36,1.0,1.0,1.0,1.0,1.0,0.0,10,26,0,0
LOSSY_RADIO,sinkhole,cart,coarse_plus_routing,3,"234567,345678,567890","123456,456789",54,36,36,1.0,1.0,1.0,1.0,1.0,0.0,10,26,0,0
LOSSY_RADIO,sinkhole,cart,coarse_plus_routing,3,"234567,456789,567890","123456,345678",54,36,36,1.0,1.0,1.0,1.0,1.0,0.0,10,26,0,0
LOSSY_RADIO,sinkhole,cart,coarse_plus_routing,3,"345678,456789,567890","123456,234567",54,36,36,1.0,1.0,1.0,1.0,1.0,0.0,10,26,0,0
LOSSY_RADIO,sybil,cart,coarse,0,,"123456,234567,345678,456789,567890",0,90,90,0.7222,0,0.0,0,0,0.0,0,65,0,25
LOSSY_RADIO,sybil,cart,coarse,1,123456,"234567,345678,456789,567890",18,72,72,0.9583,0.8696,1.0,0.9302,0.9709,0.0577,20,49,3,0
LOSSY_RADIO,sybil,cart,coarse,1,234567,"123456,345678,456789,567890",18,72,72,0.9583,0.8696,1.0,0.9302,0.9709,0.0577,20,49,3,0
LOSSY_RADIO,sybil,cart,coarse,1,345678,"123456,234567,456789,567890",18,72,72,0.9583,0.8696,1.0,0.9302,0.9709,0.0577,20,49,3,0
LOSSY_RADIO,sybil,cart,coarse,1,456789,"123456,234567,345678,567890",18,72,72,0.8889,0.7727,0.85,0.8095,0.8333,0.0962,17,47,5,3
LOSSY_RADIO,sybil,cart,coarse,1,567890,"123456,234567,345678,456789",18,72,72,0.9444,1.0,0.8,0.8889,0.8333,0.0,16,52,0,4
LOSSY_RADIO,sybil,cart,coarse,2,"123456,234567","345678,456789,567890",36,54,54,0.9444,0.8333,1.0,0.9091,0.9615,0.0769,15,36,3,0
LOSSY_RADIO,sybil,cart,coarse,2,"123456,345678","234567,456789,567890",36,54,54,0.9444,0.8333,1.0,0.9091,0.9615,0.0769,15,36,3,0
LOSSY_RADIO,sybil,cart,coarse,2,"123456,456789","234567,345678,567890",36,54,54,0.9444,0.8333,1.0,0.9091,0.9615,0.0769,15,36,3,0
LOSSY_RADIO,sybil,cart,coarse,2,"123456,567890","234567,345678,456789",36,54,54,0.963,1.0,0.8667,0.9286,0.8904,0.0,13,39,0,2
LOSSY_RADIO,sybil,cart,coarse,2,"234567,345678","123456,456789,567890",36,54,54,0.9444,0.8333,1.0,0.9091,0.9615,0.0769,15,36,3,0
LOSSY_RADIO,sybil,cart,coarse,2,"234567,456789","123456,345678,567890",36,54,54,0.9444,0.8333,1.0,0.9091,0.9615,0.0769,15,36,3,0
LOSSY_RADIO,sybil,cart,coarse,2,"234567,567890","123456,345678,456789",36,54,54,0.9259,1.0,0.7333,0.8462,0.7746,0.0,11,39,0,4
LOSSY_RADIO,sybil,cart,coarse,2,"345678,456789","123456,234567,567890",36,54,54,0.9444,0.8333,1.0,0.9091,0.9615,0.0769,15,36,3,0
LOSSY_RADIO,sybil,cart,coarse,2,"345678,567890","123456,234567,456789",36,54,54,0.9444,1.0,0.8,0.8889,0.8333,0.0,12,39,0,3
LOSSY_RADIO,sybil,cart,coarse,2,"456789,567890","123456,234567,345678",36,54,54,0.8889,0.7368,0.9333,0.8235,0.8861,0.1282,14,34,5,1
LOSSY_RADIO,sybil,cart,coarse,3,"123456,234567,345678","456789,567890",54,36,36,0.9167,0.7692,1.0,0.8696,0.9434,0.1154,10,23,3,0
LOSSY_RADIO,sybil,cart,coarse,3,"123456,234567,456789","345678,567890",54,36,36,0.9167,0.7692,1.0,0.8696,0.9434,0.1154,10,23,3,0
LOSSY_RADIO,sybil,cart,coarse,3,"123456,234567,567890","345678,456789",54,36,36,0.9444,1.0,0.8,0.8889,0.8333,0.0,8,26,0,2
LOSSY_RADIO,sybil,cart,coarse,3,"123456,345678,456789","234567,567890",54,36,36,0.9167,0.7692,1.0,0.8696,0.9434,0.1154,10,23,3,0
LOSSY_RADIO,sybil,cart,coarse,3,"123456,345678,567890","234567,456789",54,36,36,0.9722,1.0,0.9,0.9474,0.9184,0.0,9,26,0,1
LOSSY_RADIO,sybil,cart,coarse,3,"123456,456789,567890","234567,345678",54,36,36,0.9722,1.0,0.9,0.9474,0.9184,0.0,9,26,0,1
LOSSY_RADIO,sybil,cart,coarse,3,"234567,345678,456789","123456,567890",54,36,36,0.9167,0.7692,1.0,0.8696,0.9434,0.1154,10,23,3,0
LOSSY_RADIO,sybil,cart,coarse,3,"234567,345678,567890","123456,456789",54,36,36,0.9167,1.0,0.7,0.8235,0.7447,0.0,7,26,0,3
LOSSY_RADIO,sybil,cart,coarse,3,"234567,456789,567890","123456,345678",54,36,36,0.9167,1.0,0.7,0.8235,0.7447,0.0,7,26,0,3
LOSSY_RADIO,sybil,cart,coarse,3,"345678,456789,567890","123456,234567",54,36,36,1.0,1.0,1.0,1.0,1.0,0.0,10,26,0,0
LOSSY_RADIO,sybil,cart,coarse_plus_routing,0,,"123456,234567,345678,456789,567890",0,90,90,0.3889,0.3125,1.0,0.4762,0.6944,0.8462,25,10,55,0
LOSSY_RADIO,sybil,cart,coarse_plus_routing,1,123456,"234567,345678,456789,567890",18,72,72,0.9583,0.8696,1.0,0.9302,0.9709,0.0577,20,49,3,0
LOSSY_RADIO,sybil,cart,coarse_plus_routing,1,234567,"123456,345678,456789,567890",18,72,72,0.9583,0.8696,1.0,0.9302,0.9709,0.0577,20,49,3,0
LOSSY_RADIO,sybil,cart,coarse_plus_routing,1,345678,"123456,234567,456789,567890",18,72,72,0.9583,0.8696,1.0,0.9302,0.9709,0.0577,20,49,3,0
LOSSY_RADIO,sybil,cart,coarse_plus_routing,1,456789,"123456,234567,345678,567890",18,72,72,0.8889,0.7727,0.85,0.8095,0.8333,0.0962,17,47,5,3
LOSSY_RADIO,sybil,cart,coarse_plus_routing,1,567890,"123456,234567,345678,456789",18,72,72,0.7917,0.5926,0.8,0.6809,0.7477,0.2115,16,41,11,4
LOSSY_RADIO,sybil,cart,coarse_plus_routing,2,"123456,234567","345678,456789,567890",36,54,54,0.9444,0.8333,1.0,0.9091,0.9615,0.0769,15,36,3,0
LOSSY_RADIO,sybil,cart,coarse_plus_routing,2,"123456,345678","234567,456789,567890",36,54,54,0.9444,0.8333,1.0,0.9091,0.9615,0.0769,15,36,3,0
LOSSY_RADIO,sybil,cart,coarse_plus_routing,2,"123456,456789","234567,345678,567890",36,54,54,0.9444,0.8333,1.0,0.9091,0.9615,0.0769,15,36,3,0
LOSSY_RADIO,sybil,cart,coarse_plus_routing,2,"123456,567890","234567,345678,456789",36,54,54,0.8889,0.7647,0.8667,0.8125,0.8442,0.1026,13,35,4,2
LOSSY_RADIO,sybil,cart,coarse_plus_routing,2,"234567,345678","123456,456789,567890",36,54,54,0.9444,0.8333,1.0,0.9091,0.9615,0.0769,15,36,3,0
LOSSY_RADIO,sybil,cart,coarse_plus_routing,2,"234567,456789","123456,345678,567890",36,54,54,0.9444,0.8333,1.0,0.9091,0.9615,0.0769,15,36,3,0
LOSSY_RADIO,sybil,cart,coarse_plus_routing,2,"234567,567890","123456,345678,456789",36,54,54,0.8519,0.7333,0.7333,0.7333,0.7333,0.1026,11,35,4,4
LOSSY_RADIO,sybil,cart,coarse_plus_routing,2,"345678,456789","123456,234567,567890",36,54,54,0.9444,0.8333,1.0,0.9091,0.9615,0.0769,15,36,3,0
LOSSY_RADIO,sybil,cart,coarse_plus_routing,2,"345678,567890","123456,234567,456789",36,54,54,1.0,1.0,1.0,1.0,1.0,0.0,15,39,0,0
LOSSY_RADIO,sybil,cart,coarse_plus_routing,2,"456789,567890","123456,234567,345678",36,54,54,1.0,1.0,1.0,1.0,1.0,0.0,15,39,0,0
LOSSY_RADIO,sybil,cart,coarse_plus_routing,3,"123456,234567,345678","456789,567890",54,36,36,0.9167,0.7692,1.0,0.8696,0.9434,0.1154,10,23,3,0
LOSSY_RADIO,sybil,cart,coarse_plus_routing,3,"123456,234567,456789","345678,567890",54,36,36,0.9167,0.7692,1.0,0.8696,0.9434,0.1154,10,23,3,0
LOSSY_RADIO,sybil,cart,coarse_plus_routing,3,"123456,234567,567890","345678,456789",54,36,36,0.9444,1.0,0.8,0.8889,0.8333,0.0,8,26,0,2
LOSSY_RADIO,sybil,cart,coarse_plus_routing,3,"123456,345678,456789","234567,567890",54,36,36,0.9167,0.7692,1.0,0.8696,0.9434,0.1154,10,23,3,0
LOSSY_RADIO,sybil,cart,coarse_plus_routing,3,"123456,345678,567890","234567,456789",54,36,36,1.0,1.0,1.0,1.0,1.0,0.0,10,26,0,0
LOSSY_RADIO,sybil,cart,coarse_plus_routing,3,"123456,456789,567890","234567,345678",54,36,36,1.0,1.0,1.0,1.0,1.0,0.0,10,26,0,0
LOSSY_RADIO,sybil,cart,coarse_plus_routing,3,"234567,345678,456789","123456,567890",54,36,36,0.9167,0.7692,1.0,0.8696,0.9434,0.1154,10,23,3,0
LOSSY_RADIO,sybil,cart,coarse_plus_routing,3,"234567,345678,567890","123456,456789",54,36,36,1.0,1.0,1.0,1.0,1.0,0.0,10,26,0,0
LOSSY_RADIO,sybil,cart,coarse_plus_routing,3,"234567,456789,567890","123456,345678",54,36,36,1.0,1.0,1.0,1.0,1.0,0.0,10,26,0,0
LOSSY_RADIO,sybil,cart,coarse_plus_routing,3,"345678,456789,567890","123456,234567",54,36,36,1.0,1.0,1.0,1.0,1.0,0.0,10,26,0,0
