app_missed_delta,app_reporting_nodes,app_rx_delta,app_tx_delta,attacker_node16_radio_tx,binary_run_label,blackhole_attack_enabled_events,blackhole_drop_events,dao_rx_count,dao_tx_count,dio_rx_count,dio_rx_low_rank_nonroot_count,dio_rx_nonroot_count,dio_rx_nonroot_rank_max,dio_rx_nonroot_rank_mean,dio_rx_nonroot_rank_min,dio_rx_nonroot_rank_range,dio_rx_rank_max,dio_rx_rank_mean,dio_rx_rank_min,dio_rx_rank_range,dio_suppression_attack_enabled_events,dio_suppression_events,dio_tx_count,dio_tx_rank_mean,dis_flood_attack_enabled_events,dis_flood_sent_events,dis_rx_count,dis_tx_count,family,grayhole_attack_enabled_events,grayhole_drop_events,increase_rank_advertised_rank_events,increase_rank_attack_enabled_events,mode,no_parent_events,nodes,own_neighbor_count_max,own_neighbor_count_mean,own_rank_max,own_rank_mean,own_rank_min,own_rank_range,own_state_sample_count,parent_found_events,parent_switch_count,parent_switch_to_nonroot_count,parent_switch_to_root_count,post_activation,radio_bytes,radio_interfered_count,radio_tx_count,root_node1_radio_tx,run_id,seed,significant_rank_update_count,sinkhole_advertised_rank_events,sinkhole_attack_enabled_events,state_low_rank_nonroot_pairs,state_low_rank_nonroot_senders,state_nonroot_rank_max,state_nonroot_rank_mean,state_nonroot_rank_min,state_nonroot_rank_range,state_receivers_exposed_low_rank_nonroot,stream_id,stream_sequence,sybil_attack_enabled_events,sybil_sent_dio_events,sybil_spoofed_dio_events,topology_edge_count,topology_max_depth,topology_max_parent_fanout,topology_mean_depth,topology_root_direct_children,topology_unique_parents,unique_dio_receivers,unique_dio_senders,unique_low_rank_nonroot_senders,unique_parent_targets,unique_radio_senders,window_end_s,window_label,window_start_s,wormhole_attack_enabled_events,wormhole_endpoint_radio_events,worst_parent_attack_enabled_events,worst_parent_selection_events
0,0,0,0,188,1,0,0,15,30,333,0,329,65535,12238.9483,258,65277,65535,12093.4715,128,65407,0,0,96,40482.2396,0,0,51,14,blackhole,0,0,0,0,attack,15,16,5,2.4667,899,688.0667,338,561,15,15,15,14,1,0,27507,1290,623,90,BH_ATTACK_N16_SEED123456,123456,0,0,0,0,0,65535,1151.112,258,65277,0,blackhole:attack:123456,1,0,0,0,0,0,0,0.0,0,0,16,16,0,5,16,60,0,0,0,0,0,0
0,0,0,0,337,1,0,0,0,0,294,0,293,811,592.1911,256,555,811,590.6122,128,683,0,0,45,577.2667,0,0,0,0,blackhole,0,0,0,0,attack,0,16,13,7.9375,820,577.1875,128,692,16,0,0,0,0,0,40249,2128,1069,171,BH_ATTACK_N16_SEED123456,123456,0,0,0,0,0,697,539.7364,256,441,0,blackhole:attack:123456,2,0,0,0,15,4,4,2.8667,1,5,16,16,0,0,16,120,0,60,0,0,0,0
0,14,140,140,337,1,0,0,0,0,135,0,135,668,512.8222,256,412,668,512.8222,256,412,0,0,23,503.1304,0,0,0,0,blackhole,0,0,0,0,attack,0,16,13,8.125,692,499.9375,128,564,16,0,0,0,0,0,38768,2088,1046,172,BH_ATTACK_N16_SEED123456,123456,0,0,0,0,0,693,517.4341,256,437,0,blackhole:attack:123456,3,0,0,0,15,4,4,2.8667,1,5,16,15,0,0,16,180,0,120,0,0,0,0
0,4,40,40,333,1,0,0,0,0,19,0,18,657,455.9444,256,401,657,438.6842,128,529,0,0,15,487.4,0,0,0,0,blackhole,0,0,0,0,attack,0,16,13,8.125,662,485.0,128,534,16,0,0,0,0,0,37392,2001,1029,168,BH_ATTACK_N16_SEED123456,123456,0,0,0,0,0,693,516.2636,256,437,0,blackhole:attack:123456,4,0,0,0,15,4,4,2.8667,1,5,10,15,0,0,16,240,0,180,0,0,0,0
0,10,92,100,86,1,1,82,0,0,128,0,128,646,503.8672,384,262,646,503.8672,384,262,0,0,24,510.0,0,0,0,0,blackhole,0,0,0,0,attack,0,16,13,8.125,649,477.3125,128,521,16,0,0,0,0,1,13768,901,375,2,BH_ATTACK_N16_SEED123456,123456,0,0,0,0,0,693,501.845,256,437,0,blackhole:attack:123456,5,0,0,0,15,4,4,2.8667,1,5,15,14,0,0,16,300,1,240,0,0,0,0
0,13,4,130,85,1,0,85,0,0,19,0,19,642,566.4737,384,258,642,566.4737,384,258,0,0,13,532.0769,0,0,0,0,blackhole,0,0,0,0,attack,0,16,13,8.125,643,473.25,128,515,16,0,0,0,0,1,12743,899,366,0,BH_ATTACK_N16_SEED123456,123456,0,0,0,0,0,645,500.4341,256,389,0,blackhole:attack:123456,6,0,0,0,15,4,4,2.8667,1,5,10,11,0,0,15,360,1,300,0,0,0,0
0,1,0,10,85,1,0,84,0,0,8,0,8,640,464.0,384,256,640,464.0,384,256,0,0,8,464.0,0,0,0,0,blackhole,0,0,0,0,attack,0,16,13,8.125,650,472.625,128,522,16,0,0,0,0,1,12028,850,352,0,BH_ATTACK_N16_SEED123456,123456,0,0,0,0,0,645,500.2946,256,389,0,blackhole:attack:123456,7,0,0,0,15,4,4,2.8667,1,5,5,7,0,0,15,420,1,360,0,0,0,0
0,14,0,140,84,1,0,83,0,0,76,0,75,642,491.5467,256,386,642,486.7632,128,514,0,0,22,483.0,0,0,0,0,blackhole,0,0,0,0,attack,0,16,13,8.125,644,472.25,128,516,16,0,0,0,0,1,13313,890,368,1,BH_ATTACK_N16_SEED123456,123456,0,0,0,0,0,645,498.9535,256,389,0,blackhole:attack:123456,8,0,0,0,15,4,4,2.8667,1,5,16,15,0,0,16,480,1,420,0,0,0,0
0,4,0,40,85,1,0,85,0,0,58,0,58,640,551.7241,384,256,640,551.7241,384,256,0,0,13,561.2308,0,0,0,0,blackhole,0,0,0,0,attack,0,16,13,8.125,640,472.0,128,512,16,0,0,0,0,1,12636,864,360,0,BH_ATTACK_N16_SEED123456,123456,0,0,0,0,0,640,498.1628,256,384,0,blackhole:attack:123456,9,0,0,0,15,4,4,2.8667,1,5,15,9,0,0,15,540,1,480,0,0,0,0
0,0,0,0,184,1,0,0,15,30,354,0,350,65535,11910.24,256,65279,65535,11777.1073,128,65407,0,0,100,40185.35,0,0,31,11,blackhole,0,0,0,0,attack,15,16,7,2.4667,903,687.4,338,565,15,15,15,14,1,0,27199,1316,611,88,BH_ATTACK_N16_SEED234567,234567,0,0,0,0,0,65535,1150.7705,256,65279,0,blackhole:attack:234567,10,0,0,0,0,0,0,0.0,0,0,16,16,0,8,16,60,0,0,0,0,0,0
0,0,0,0,342,1,0,0,0,0,278,0,278,748,571.464,256,492,748,571.464,256,492,0,0,42,562.1905,0,0,0,0,blackhole,0,0,0,0,attack,0,16,12,7.6875,878,577.375,128,750,16,0,0,0,0,0,40168,2230,1073,170,BH_ATTACK_N16_SEED234567,234567,0,0,0,0,0,715,536.4651,256,459,0,blackhole:attack:234567,11,0,0,0,15,4,4,2.8667,1,8,16,15,0,0,16,120,0,60,0,0,0,0
0,14,140,140,343,1,0,0,0,0,138,0,137,687,519.0292,256,431,687,516.1957,128,559,0,0,25,516.36,0,0,0,0,blackhole,0,0,0,0,attack,0,16,13,8.125,710,499.3125,128,582,16,0,0,0,0,0,39625,2230,1072,175,BH_ATTACK_N16_SEED234567,234567,0,0,0,0,0,683,514.7132,256,427,0,blackhole:attack:234567,12,0,0,0,15,4,4,2.8667,1,8,16,16,0,0,16,180,0,120,0,0,0,0
0,6,60,60,337,1,0,0,0,0,18,0,17,664,461.3529,384,280,664,442.8333,128,536,0,0,11,476.4545,0,0,0,0,blackhole,0,0,0,0,attack,0,16,13,8.125,672,484.125,128,544,16,0,0,0,0,0,37414,2100,1031,171,BH_ATTACK_N16_SEED234567,234567,0,0,0,0,0,683,514.6822,256,427,0,blackhole:attack:234567,13,0,0,0,15,4,4,2.8667,1,8,12,11,0,0,16,240,0,180,0,0,0,0
0,8,75,80,93,1,1,82,0,0,127,0,127,655,503.7087,256,399,655,503.7087,256,399,0,0,27,508.4815,0,0,0,0,blackhole,0,0,0,0,attack,0,16,13,8.125,657,479.625,128,529,16,0,0,0,0,1,14941,1045,403,4,BH_ATTACK_N16_SEED234567,234567,0,0,0,0,0,657,504.4031,256,401,0,blackhole:attack:234567,14,0,0,0,15,4,4,2.8667,1,8,16,15,0,0,16,300,1,240,0,0,0,0
0,13,6,130,84,1,0,83,0,0,17,0,17,668,564.7647,384,284,668,564.7647,384,284,0,0,10,492.5,0,0,0,0,blackhole,0,0,0,0,attack,0,16,13,8.125,671,477.8125,128,543,16,0,0,0,0,1,12170,904,353,0,BH_ATTACK_N16_SEED234567,234567,0,0,0,0,0,668,505.0853,256,412,0,blackhole:attack:234567,15,0,0,0,15,4,4,2.8667,1,8,13,10,0,0,15,360,1,300,0,0,0,0
0,1,0,10,84,1,0,84,0,0,10,0,10,654,515.8,384,270,654,515.8,384,270,0,0,10,515.8,0,0,0,0,blackhole,0,0,0,0,attack,0,16,13,8.125,657,475.8125,128,529,16,0,0,0,0,1,12299,926,357,0,BH_ATTACK_N16_SEED234567,234567,0,0,0,0,0,668,504.814,256,412,0,blackhole:attack:234567,16,0,0,0,15,4,4,2.8667,1,8,9,10,0,0,15,420,1,360,0,0,0,0
0,14,0,140,84,1,0,83,0,0,70,0,69,647,496.4783,256,391,647,491.2143,128,519,0,0,17,492.8824,0,0,0,0,blackhole,0,0,0,0,attack,0,16,13,8.125,650,475.875,128,522,16,0,0,0,0,1,12707,914,356,1,BH_ATTACK_N16_SEED234567,234567,0,0,0,0,0,653,503.093,256,397,0,blackhole:attack:234567,17,0,0,0,15,4,4,2.8667,1,8,16,15,0,0,16,480,1,420,0,0,0,0
0,6,0,60,86,1,0,86,0,0,71,0,71,646,527.0423,384,262,646,527.0423,384,262,0,0,17,523.0588,0,0,0,0,blackhole,0,0,0,0,attack,0,16,13,8.125,646,475.0,128,518,16,0,0,0,0,1,13258,945,373,0,BH_ATTACK_N16_SEED234567,234567,0,0,0,0,0,646,501.7829,256,390,0,blackhole:attack:234567,18,0,0,0,15,4,4,2.8667,1,8,15,13,0,0,15,540,1,480,0,0,0,0
0,0,0,0,178,1,0,0,14,28,356,0,352,65535,12013.0369,281,65254,65535,11879.4972,128,65407,0,0,100,40826.62,0,0,53,14,blackhole,0,0,0,0,attack,15,16,6,2.7333,868,681.8667,338,530,15,15,15,14,1,0,26481,1300,596,87,BH_ATTACK_N16_SEED345678,345678,0,0,0,0,0,65535,1670.5082,281,65254,0,blackhole:attack:345678,19,0,0,0,0,0,0,0.0,0,0,16,16,0,7,16,60,0,0,0,0,0,0
0,0,0,0,342,1,0,0,1,2,272,0,271,824,604.8745,256,568,824,603.1213,128,696,0,0,39,601.359,0,0,0,0,blackhole,0,0,0,0,attack,0,16,12,7.6875,833,575.6875,128,705,16,0,0,0,0,0,40361,2250,1074,172,BH_ATTACK_N16_SEED345678,345678,0,0,0,0,0,706,541.5116,256,450,0,blackhole:attack:345678,20,0,0,0,15,4,4,2.8667,1,7,16,16,0,0,16,120,0,60,0,0,0,0
0,14,139,140,336,1,0,0,0,0,134,0,134,691,506.6567,256,435,691,506.6567,256,435,0,0,29,504.1034,0,0,0,0,blackhole,0,0,0,0,attack,0,16,13,8.125,701,499.125,128,573,16,0,0,0,0,0,39044,2212,1054,170,BH_ATTACK_N16_SEED345678,345678,0,0,0,0,0,706,519.6279,256,450,0,blackhole:attack:345678,21,0,0,0,15,4,4,2.8667,1,7,16,14,0,0,16,180,0,120,0,0,0,0
0,4,40,40,338,1,0,0,0,0,43,0,42,678,513.4762,256,422,678,504.5116,128,550,0,0,15,482.4,0,0,0,0,blackhole,0,0,0,0,attack,0,16,13,8.125,681,486.4375,128,553,16,0,0,0,0,0,38894,2266,1050,174,BH_ATTACK_N16_SEED345678,345678,0,0,0,0,0,702,516.1628,256,446,0,blackhole:attack:345678,22,0,0,0,15,4,4,2.8667,1,7,16,12,0,0,16,240,0,180,0,0,0,0
0,10,90,100,86,1,1,86,0,0,115,0,115,665,518.6,384,281,665,518.6,384,281,0,0,23,527.5217,0,0,0,0,blackhole,0,0,0,0,attack,0,16,13,8.125,675,484.5625,128,547,16,0,0,0,0,1,13850,987,380,0,BH_ATTACK_N16_SEED345678,345678,0,0,0,0,0,663,507.7519,256,407,0,blackhole:attack:345678,23,0,0,0,15,4,4,2.8667,1,7,15,14,0,0,15,300,1,240,0,0,0,0
0,12,5,120,84,1,0,84,0,0,10,0,10,658,504.1,384,274,658,504.1,384,274,0,0,10,504.1,0,0,0,0,blackhole,0,0,0,0,attack,0,16,13,8.125,655,475.5,128,527,16,0,0,0,0,1,12446,952,362,0,BH_ATTACK_N16_SEED345678,345678,0,0,0,0,0,663,507.2248,256,407,0,blackhole:attack:345678,24,0,0,0,15,4,4,2.8667,1,7,8,10,0,0,15,360,1,300,0,0,0,0
0,2,0,20,83,1,0,83,0,0,13,0,12,647,492.0,384,263,647,464.0,128,519,0,0,13,464.0,0,0,0,0,blackhole,0,0,0,0,attack,0,16,13,8.125,652,474.0,128,524,16,0,0,0,0,1,12349,908,355,1,BH_ATTACK_N16_SEED345678,345678,0,0,0,0,0,663,506.3876,256,407,0,blackhole:attack:345678,25,0,0,0,15,4,4,2.8667,1,7,9,13,0,0,16,420,1,360,0,0,0,0
0,14,0,140,85,1,0,85,0,0,73,0,73,650,503.6712,384,266,650,503.6712,384,266,0,0,20,525.65,0,0,0,0,blackhole,0,0,0,0,attack,0,16,13,8.125,650,473.25,128,522,16,0,0,0,0,1,13223,958,368,0,BH_ATTACK_N16_SEED345678,345678,0,0,0,0,0,663,502.6512,256,407,0,blackhole:attack:345678,26,0,0,0,15,4,4,2.8667,1,7,15,13,0,0,15,480,1,420,0,0,0,0
0,5,0,50,84,1,0,83,0,0,28,0,28,650,462.0714,256,394,650,462.0714,256,394,0,0,12,480.8333,0,0,0,0,blackhole,0,0,0,0,attack,0,16,13,8.125,650,472.625,128,522,16,0,0,0,0,1,12365,920,356,0,BH_ATTACK_N16_SEED345678,345678,0,0,0,0,0,663,501.5736,256,407,0,blackhole:attack:345678,27,0,0,0,15,4,4,2.8667,1,7,14,12,0,0,15,540,1,480,0,0,0,0
0,0,0,0,162,1,0,0,15,30,299,0,295,65535,14014.5559,297,65238,65535,13828.7826,128,65407,0,0,93,43162.7097,0,0,30,10,blackhole,0,0,0,0,attack,15,16,5,2.7333,970,696.9333,338,632,15,15,15,14,1,0,24301,1226,537,81,BH_ATTACK_N16_SEED456789,456789,0,0,0,0,0,65535,2388.0734,297,65238,0,blackhole:attack:456789,28,0,0,0,0,0,0,0.0,0,0,16,16,0,7,16,60,0,0,0,0,0,0
0,0,0,0,340,1,0,0,0,0,295,0,295,882,647.9492,256,626,882,647.9492,256,626,0,0,43,624.6279,0,0,0,0,blackhole,0,0,0,0,attack,0,16,12,6.875,912,603.8125,128,784,16,0,0,0,0,0,40683,2392,1080,172,BH_ATTACK_N16_SEED456789,456789,0,0,0,0,0,723,536.4031,256,467,0,blackhole:attack:456789,29,0,0,0,15,4,4,2.8667,1,7,16,15,0,0,16,120,0,60,0,0,0,0
0,14,140,140,353,1,0,0,0,0,133,0,132,705,510.2121,256,449,705,507.3383,128,577,0,0,25,500.56,0,0,0,0,blackhole,0,0,0,0,attack,0,16,13,8.125,723,501.375,128,595,16,0,0,0,0,0,40371,2467,1092,178,BH_ATTACK_N16_SEED456789,456789,0,0,0,0,0,722,519.6667,256,466,0,blackhole:attack:456789,30,0,0,0,15,4,4,2.8667,1,7,16,15,0,0,16,180,0,120,0,0,0,0
0,4,40,40,339,1,0,0,0,0,39,0,39,674,455.8462,256,418,674,455.8462,256,418,0,0,14,496.4286,0,0,0,0,blackhole,0,0,0,0,attack,0,16,13,8.125,674,485.75,128,546,16,0,0,0,0,0,38137,2348,1043,169,BH_ATTACK_N16_SEED456789,456789,0,0,0,0,0,690,515.876,256,434,0,blackhole:attack:456789,31,0,0,0,15,4,4,2.8667,1,7,14,11,0,0,16,240,0,180,0,0,0,0
0,10,91,100,82,1,1,82,0,0,102,0,101,660,517.7624,384,276,660,513.9412,128,532,0,0,19,491.7895,0,0,0,0,blackhole,0,0,0,0,attack,0,16,13,8.125,656,480.125,128,528,16,0,0,0,0,1,12829,982,355,1,BH_ATTACK_N16_SEED456789,456789,0,0,0,0,0,690,508.4496,256,434,0,blackhole:attack:456789,32,0,0,0,15,4,4,2.8667,1,7,15,13,0,0,16,300,1,240,0,0,0,0
0,10,4,100,84,1,0,84,0,0,28,0,28,665,584.6429,384,281,665,584.6429,384,281,0,0,16,533.75,0,0,0,0,blackhole,0,0,0,0,attack,0,16,13,8.125,665,475.5625,128,537,16,0,0,0,0,1,12864,1027,366,0,BH_ATTACK_N16_SEED456789,456789,0,0,0,0,0,665,505.1628,256,409,0,blackhole:attack:456789,33,0,0,0,15,4,4,2.8667,1,7,14,12,0,0,15,360,1,300,0,0,0,0
0,4,0,40,85,1,0,83,0,0,12,0,12,658,513.5,384,274,658,513.5,384,274,0,0,12,513.5,0,0,0,0,blackhole,0,0,0,0,attack,0,16,13,8.125,659,474.375,128,531,16,0,0,0,0,1,12394,989,358,0,BH_ATTACK_N16_SEED456789,456789,0,0,0,0,0,665,504.6744,256,409,0,blackhole:attack:456789,34,0,0,0,15,4,4,2.8667,1,7,8,11,0,0,15,420,1,360,0,0,0,0
0,14,0,140,85,1,0,84,0,0,39,0,39,658,542.5385,384,274,658,542.5385,384,274,0,0,13,547.1538,0,0,0,0,blackhole,0,0,0,0,attack,0,16,13,8.125,658,474.5,128,530,16,0,0,0,0,1,12699,1015,362,0,BH_ATTACK_N16_SEED456789,456789,0,0,0,0,0,660,504.4806,256,404,0,blackhole:attack:456789,35,0,0,0,15,4,4,2.8667,1,7,15,9,0,0,15,480,1,420,0,0,0,0
0,3,0,30,84,1,0,83,0,0,76,0,75,659,495.44,256,403,659,490.6053,128,531,0,0,19,480.3158,0,0,0,0,blackhole,0,0,0,0,attack,0,16,13,8.125,659,475.75,128,531,16,0,0,0,0,1,13063,1008,364,1,BH_ATTACK_N16_SEED456789,456789,0,0,0,0,0,660,501.7287,256,404,0,blackhole:attack:456789,36,0,0,0,15,4,4,2.8667,1,7,16,15,0,0,16,540,1,480,0,0,0,0
0,0,0,0,176,1,0,0,15,30,337,0,333,65535,12664.4505,271,65264,65535,12515.6499,128,65407,0,0,99,41231.9899,0,0,45,15,blackhole,0,0,0,0,attack,15,16,4,2.4,901,681.7333,338,563,15,15,15,14,1,0,26793,1311,591,84,BH_ATTACK_N16_SEED567890,567890,0,0,0,0,0,837,619.3465,271,566,0,blackhole:attack:567890,37,0,0,0,0,0,0,0.0,0,0,16,16,0,7,16,60,0,0,0,0,0,0
0,0,0,0,336,1,0,0,0,0,302,0,301,829,605.8173,256,573,829,604.2351,128,701,0,0,41,582.4634,0,0,0,0,blackhole,0,0,0,0,attack,0,16,12,8.0,837,578.75,128,709,16,0,0,0,0,0,39820,2186,1056,169,BH_ATTACK_N16_SEED567890,567890,0,0,0,0,0,711,543.9225,256,455,0,blackhole:attack:567890,38,0,0,0,15,4,4,2.8667,1,7,16,16,0,0,16,120,0,60,0,0,0,0
0,14,140,140,338,1,0,0,0,0,139,0,139,691,520.9209,256,435,691,520.9209,256,435,0,0,25,541.44,0,0,0,0,blackhole,0,0,0,0,attack,0,16,13,8.125,705,507.5625,128,577,16,0,0,0,0,0,38794,2142,1053,169,BH_ATTACK_N16_SEED567890,567890,0,0,0,0,0,669,516.031,256,413,0,blackhole:attack:567890,39,0,0,0,15,4,4,2.8667,1,7,16,15,0,0,16,180,0,120,0,0,0,0
0,4,40,40,344,1,0,0,0,0,30,0,29,656,446.4828,384,272,656,435.8667,128,528,0,0,16,481.25,0,0,0,0,blackhole,0,0,0,0,attack,0,16,13,8.125,666,484.875,128,538,16,0,0,0,0,0,38466,2164,1055,171,BH_ATTACK_N16_SEED567890,567890,0,0,0,0,0,669,515.1705,256,413,0,blackhole:attack:567890,40,0,0,0,15,4,4,2.8667,1,7,11,14,0,0,16,240,0,180,0,0,0,0
0,10,89,100,86,1,1,85,0,0,119,0,119,649,513.7143,256,393,649,513.7143,256,393,0,0,26,514.3077,0,0,0,0,blackhole,0,0,0,0,attack,0,16,13,8.125,652,480.3125,128,524,16,0,0,0,0,1,14164,981,385,0,BH_ATTACK_N16_SEED567890,567890,0,0,0,0,0,662,505.8992,256,406,0,blackhole:attack:567890,41,0,0,0,15,4,4,2.8667,1,7,16,15,0,0,15,300,1,240,0,0,0,0
0,13,5,130,83,1,0,83,0,0,16,0,16,642,593.8125,384,258,642,593.8125,384,258,0,0,9,556.5556,0,0,0,0,blackhole,0,0,0,0,attack,0,16,13,8.125,645,476.8125,128,517,16,0,0,0,0,1,12303,892,357,0,BH_ATTACK_N16_SEED567890,567890,0,0,0,0,0,649,504.7132,256,393,0,blackhole:attack:567890,42,0,0,0,15,4,4,2.8667,1,7,9,9,0,0,15,360,1,300,0,0,0,0
0,1,0,10,88,1,0,85,0,0,12,0,11,665,504.0909,384,281,665,472.75,128,537,0,0,12,472.75,0,0,0,0,blackhole,0,0,0,0,attack,0,16,13,8.125,640,473.625,128,512,16,0,0,0,0,1,12826,958,369,1,BH_ATTACK_N16_SEED567890,567890,0,0,0,0,0,665,504.3488,256,409,0,blackhole:attack:567890,43,0,0,0,15,4,4,2.8667,1,7,8,12,0,0,16,420,1,360,0,0,0,0
0,14,0,140,85,1,0,84,0,0,58,0,58,650,482.2414,384,266,650,482.2414,384,266,0,0,17,500.8235,0,0,0,0,blackhole,0,0,0,0,attack,0,16,13,8.125,659,474.5,128,531,16,0,0,0,0,1,13012,924,367,0,BH_ATTACK_N16_SEED567890,567890,0,0,0,0,0,665,505.5736,256,409,0,blackhole:attack:567890,44,0,0,0,15,4,4,2.8667,1,7,15,12,0,0,15,480,1,420,0,0,0,0
0,4,0,40,87,1,0,86,0,0,80,0,80,657,511.9875,256,401,657,511.9875,256,401,0,0,19,529.8421,0,0,0,0,blackhole,0,0,0,0,attack,0,16,13,8.125,658,475.9375,128,530,16,0,0,0,0,1,13320,931,372,0,BH_ATTACK_N16_SEED567890,567890,0,0,0,0,0,657,503.4109,256,401,0,blackhole:attack:567890,45,0,0,0,15,4,4,2.8667,1,7,16,14,0,0,15,540,1,480,0,0,0,0
0,0,0,0,188,0,0,0,15,30,333,0,329,65535,12238.9483,258,65277,65535,12093.4715,128,65407,0,0,96,40482.2396,0,0,51,14,blackhole,0,0,0,0,control,15,16,5,2.4667,899,688.0667,338,561,15,15,15,14,1,0,27507,1290,623,90,BH_CONTROL_N16_SEED123456,123456,0,0,0,0,0,65535,1151.112,258,65277,0,blackhole:control:123456,46,0,0,0,0,0,0,0.0,0,0,16,16,0,5,16,60,0,0,0,0,0,0
0,0,0,0,337,0,0,0,0,0,294,0,293,811,592.1911,256,555,811,590.6122,128,683,0,0,45,577.2667,0,0,0,0,blackhole,0,0,0,0,control,0,16,13,7.9375,820,577.1875,128,692,16,0,0,0,0,0,40249,2128,1069,171,BH_CONTROL_N16_SEED123456,123456,0,0,0,0,0,697,539.7364,256,441,0,blackhole:control:123456,47,0,0,0,15,4,4,2.8667,1,5,16,16,0,0,16,120,0,60,0,0,0,0
0,14,140,140,337,0,0,0,0,0,135,0,135,668,512.8222,256,412,668,512.8222,256,412,0,0,23,503.1304,0,0,0,0,blackhole,0,0,0,0,control,0,16,13,8.125,692,499.9375,128,564,16,0,0,0,0,0,38768,2088,1046,172,BH_CONTROL_N16_SEED123456,123456,0,0,0,0,0,693,517.4341,256,437,0,blackhole:control:123456,48,0,0,0,15,4,4,2.8667,1,5,16,15,0,0,16,180,0,120,0,0,0,0
0,4,40,40,333,0,0,0,0,0,19,0,18,657,455.9444,256,401,657,438.6842,128,529,0,0,15,487.4,0,0,0,0,blackhole,0,0,0,0,control,0,16,13,8.125,662,485.0,128,534,16,0,0,0,0,0,37392,2001,1029,168,BH_CONTROL_N16_SEED123456,123456,0,0,0,0,0,693,516.2636,256,437,0,blackhole:control:123456,49,0,0,0,15,4,4,2.8667,1,5,10,15,0,0,16,240,0,180,0,0,0,0
0,10,98,100,332,0,0,0,0,0,128,0,128,646,503.8672,384,262,646,503.8672,384,262,0,0,24,510.0,0,0,0,0,blackhole,0,0,0,0,control,0,16,13,8.125,649,477.3125,128,521,16,0,0,0,0,1,38317,2029,1036,167,BH_CONTROL_N16_SEED123456,123456,0,0,0,0,0,693,501.845,256,437,0,blackhole:control:123456,50,0,0,0,15,4,4,2.8667,1,5,15,14,0,0,16,300,0,240,0,0,0,0
0,13,130,130,337,0,0,0,0,0,18,0,18,642,569.5,384,258,642,569.5,384,258,0,0,12,533.75,0,0,0,0,blackhole,0,0,0,0,control,0,16,13,8.125,643,473.25,128,515,16,0,0,0,0,1,37480,2027,1036,169,BH_CONTROL_N16_SEED123456,123456,0,0,0,0,0,645,500.4341,256,389,0,blackhole:control:123456,51,0,0,0,15,4,4,2.8667,1,5,10,10,0,0,16,360,0,300,0,0,0,0
0,1,10,10,343,0,0,0,0,0,10,0,10,640,486.4,384,256,640,486.4,384,256,0,0,10,486.4,0,0,0,0,blackhole,0,0,0,0,control,0,16,13,8.125,640,472.0,128,512,16,0,0,0,0,1,38271,2076,1054,173,BH_CONTROL_N16_SEED123456,123456,0,0,0,0,0,645,500.2636,256,389,0,blackhole:control:123456,52,0,0,0,15,4,4,2.8667,1,5,5,10,0,0,16,420,0,360,0,0,0,0
0,14,140,140,338,0,0,0,0,0,85,0,84,646,500.2857,256,390,646,495.9059,128,518,0,0,19,500.2632,0,0,0,0,blackhole,0,0,0,0,control,0,16,13,8.125,648,473.25,128,520,16,0,0,0,0,1,38190,2041,1034,169,BH_CONTROL_N16_SEED123456,123456,0,0,0,0,0,646,500.0465,256,390,0,blackhole:control:123456,53,0,0,0,15,4,4,2.8667,1,5,16,14,0,0,16,480,0,420,0,0,0,0
0,3,30,30,335,0,0,0,0,0,59,0,59,642,496.1695,384,258,642,496.1695,384,258,0,0,17,514.0,0,0,0,0,blackhole,0,0,0,0,control,0,16,13,8.125,643,473.75,128,515,16,0,0,0,0,1,37739,2042,1030,167,BH_CONTROL_N16_SEED123456,123456,0,0,0,0,0,642,499.7907,256,386,0,blackhole:control:123456,54,0,0,0,15,4,4,2.8667,1,5,15,12,0,0,16,540,0,480,0,0,0,0
0,0,0,0,184,0,0,0,15,30,354,0,350,65535,11910.24,256,65279,65535,11777.1073,128,65407,0,0,100,40185.35,0,0,31,11,blackhole,0,0,0,0,control,15,16,7,2.4667,903,687.4,338,565,15,15,15,14,1,0,27199,1316,611,88,BH_CONTROL_N16_SEED234567,234567,0,0,0,0,0,65535,1150.7705,256,65279,0,blackhole:control:234567,55,0,0,0,0,0,0,0.0,0,0,16,16,0,8,16,60,0,0,0,0,0,0
0,0,0,0,342,0,0,0,0,0,278,0,278,748,571.464,256,492,748,571.464,256,492,0,0,42,562.1905,0,0,0,0,blackhole,0,0,0,0,control,0,16,12,7.6875,878,577.375,128,750,16,0,0,0,0,0,40168,2230,1073,170,BH_CONTROL_N16_SEED234567,234567,0,0,0,0,0,715,536.4651,256,459,0,blackhole:control:234567,56,0,0,0,15,4,4,2.8667,1,8,16,15,0,0,16,120,0,60,0,0,0,0
0,14,140,140,343,0,0,0,0,0,138,0,137,687,519.0292,256,431,687,516.1957,128,559,0,0,25,516.36,0,0,0,0,blackhole,0,0,0,0,control,0,16,13,8.125,710,499.3125,128,582,16,0,0,0,0,0,39625,2230,1072,175,BH_CONTROL_N16_SEED234567,234567,0,0,0,0,0,683,514.7132,256,427,0,blackhole:control:234567,57,0,0,0,15,4,4,2.8667,1,8,16,16,0,0,16,180,0,120,0,0,0,0
0,6,60,60,337,0,0,0,0,0,18,0,17,664,461.3529,384,280,664,442.8333,128,536,0,0,11,476.4545,0,0,0,0,blackhole,0,0,0,0,control,0,16,13,8.125,672,484.125,128,544,16,0,0,0,0,0,37414,2100,1031,171,BH_CONTROL_N16_SEED234567,234567,0,0,0,0,0,683,514.6822,256,427,0,blackhole:control:234567,58,0,0,0,15,4,4,2.8667,1,8,12,11,0,0,16,240,0,180,0,0,0,0
0,8,80,80,338,0,0,0,0,0,127,0,127,664,504.3937,256,408,664,504.3937,256,408,0,0,27,509.2593,0,0,0,0,blackhole,0,0,0,0,control,0,16,13,8.125,657,479.625,128,529,16,0,0,0,0,1,39279,2194,1058,171,BH_CONTROL_N16_SEED234567,234567,0,0,0,0,0,664,505.0775,256,408,0,blackhole:control:234567,59,0,0,0,15,4,4,2.8667,1,8,16,15,0,0,16,300,0,240,0,0,0,0
0,12,120,120,324,0,0,0,0,0,15,0,15,654,568.6667,384,270,654,568.6667,384,270,0,0,8,501.0,0,0,0,0,blackhole,0,0,0,0,control,0,16,13,8.125,660,477.125,128,532,16,0,0,0,0,1,35775,2030,989,165,BH_CONTROL_N16_SEED234567,234567,0,0,0,0,0,664,504.3643,256,408,0,blackhole:control:234567,60,0,0,0,15,4,4,2.8667,1,8,11,8,0,0,16,360,0,300,0,0,0,0
0,2,20,20,338,0,0,0,0,0,14,0,14,646,498.5714,384,262,646,498.5714,384,262,0,0,14,498.5714,0,0,0,0,blackhole,0,0,0,0,control,0,16,13,8.125,653,476.8125,128,525,16,0,0,0,0,1,38066,2154,1044,169,BH_CONTROL_N16_SEED234567,234567,0,0,0,0,0,664,504.3566,256,408,0,blackhole:control:234567,61,0,0,0,15,4,4,2.8667,1,8,9,13,0,0,16,420,0,360,0,0,0,0
0,14,140,140,340,0,0,0,0,0,87,0,86,646,503.4302,384,262,646,499.1149,128,518,0,0,18,496.3889,0,0,0,0,blackhole,0,0,0,0,control,0,16,13,8.125,646,475.875,128,518,16,0,0,0,0,1,38768,2182,1055,174,BH_CONTROL_N16_SEED234567,234567,0,0,0,0,0,664,505.1628,256,408,0,blackhole:control:234567,62,0,0,0,15,4,4,2.8667,1,8,15,13,0,0,16,480,0,420,0,0,0,0
0,6,60,60,347,0,0,0,0,0,54,0,54,659,511.6296,256,403,659,511.6296,256,403,0,0,18,511.7778,0,0,0,0,blackhole,0,0,0,0,control,0,16,13,8.125,649,477.25,128,521,16,0,0,0,0,1,39226,2195,1073,172,BH_CONTROL_N16_SEED234567,234567,0,0,0,0,0,658,504.6589,256,402,0,blackhole:control:234567,63,0,0,0,15,4,4,2.8667,1,8,15,13,0,0,16,540,0,480,0,0,0,0
0,0,0,0,178,0,0,0,14,28,356,0,352,65535,12013.0369,281,65254,65535,11879.4972,128,65407,0,0,100,40826.62,0,0,53,14,blackhole,0,0,0,0,control,15,16,6,2.7333,868,681.8667,338,530,15,15,15,14,1,0,26481,1300,596,87,BH_CONTROL_N16_SEED345678,345678,0,0,0,0,0,65535,1670.5082,281,65254,0,blackhole:control:345678,64,0,0,0,0,0,0,0.0,0,0,16,16,0,7,16,60,0,0,0,0,0,0
0,0,0,0,342,0,0,0,1,2,272,0,271,824,604.8745,256,568,824,603.1213,128,696,0,0,39,601.359,0,0,0,0,blackhole,0,0,0,0,control,0,16,12,7.6875,833,575.6875,128,705,16,0,0,0,0,0,40361,2250,1074,172,BH_CONTROL_N16_SEED345678,345678,0,0,0,0,0,706,541.5116,256,450,0,blackhole:control:345678,65,0,0,0,15,4,4,2.8667,1,7,16,16,0,0,16,120,0,60,0,0,0,0
0,14,139,140,336,0,0,0,0,0,134,0,134,691,506.6567,256,435,691,506.6567,256,435,0,0,29,504.1034,0,0,0,0,blackhole,0,0,0,0,control,0,16,13,8.125,701,499.125,128,573,16,0,0,0,0,0,39044,2212,1054,170,BH_CONTROL_N16_SEED345678,345678,0,0,0,0,0,706,519.6279,256,450,0,blackhole:control:345678,66,0,0,0,15,4,4,2.8667,1,7,16,14,0,0,16,180,0,120,0,0,0,0
0,4,40,40,338,0,0,0,0,0,43,0,42,678,513.4762,256,422,678,504.5116,128,550,0,0,15,482.4,0,0,0,0,blackhole,0,0,0,0,control,0,16,13,8.125,681,486.4375,128,553,16,0,0,0,0,0,38894,2266,1050,174,BH_CONTROL_N16_SEED345678,345678,0,0,0,0,0,702,516.1628,256,446,0,blackhole:control:345678,67,0,0,0,15,4,4,2.8667,1,7,16,12,0,0,16,240,0,180,0,0,0,0
0,10,100,100,351,0,0,0,0,0,114,0,114,665,519.8509,384,281,665,519.8509,384,281,0,0,22,534.4091,0,0,0,0,blackhole,0,0,0,0,control,0,16,13,8.125,675,485.3125,128,547,16,0,0,0,0,1,40173,2267,1087,177,BH_CONTROL_N16_SEED345678,345678,0,0,0,0,0,663,507.814,256,407,0,blackhole:control:345678,68,0,0,0,15,4,4,2.8667,1,7,15,14,0,0,16,300,0,240,0,0,0,0
0,11,110,110,335,0,0,0,0,0,12,0,12,659,506.5,384,275,659,506.5,384,275,0,0,12,506.5,0,0,0,0,blackhole,0,0,0,0,control,0,16,13,8.125,655,476.625,128,527,16,0,0,0,0,1,37966,2211,1040,169,BH_CONTROL_N16_SEED345678,345678,0,0,0,0,0,663,507.2481,256,407,0,blackhole:control:345678,69,0,0,0,15,4,4,2.8667,1,7,8,12,0,0,16,360,0,300,0,0,0,0
0,3,30,30,340,0,0,0,0,0,12,0,12,665,505.9167,384,281,665,505.9167,384,281,0,0,12,505.9167,0,0,0,0,blackhole,0,0,0,0,control,0,16,13,8.125,659,475.8125,128,531,16,0,0,0,0,1,38020,2171,1048,172,BH_CONTROL_N16_SEED345678,345678,0,0,0,0,0,665,506.7674,256,409,0,blackhole:control:345678,70,0,0,0,15,4,4,2.8667,1,7,7,12,0,0,16,420,0,360,0,0,0,0
0,14,140,140,340,0,0,0,0,0,76,0,75,657,494.16,256,401,657,489.3421,128,529,0,0,18,485.8889,0,0,0,0,blackhole,0,0,0,0,control,0,16,13,8.125,665,475.75,128,537,16,0,0,0,0,1,38334,2170,1045,171,BH_CONTROL_N16_SEED345678,345678,0,0,0,0,0,665,504.3798,256,409,0,blackhole:control:345678,71,0,0,0,15,4,4,2.8667,1,7,16,14,0,0,16,480,0,420,0,0,0,0
0,5,50,50,333,0,0,0,0,0,60,0,60,652,494.5167,384,268,652,494.5167,384,268,0,0,16,505.9375,0,0,0,0,blackhole,0,0,0,0,control,0,16,13,8.125,656,474.0625,128,528,16,0,0,0,0,1,37821,2141,1031,169,BH_CONTROL_N16_SEED345678,345678,0,0,0,0,0,657,501.8837,256,401,0,blackhole:control:345678,72,0,0,0,15,4,4,2.8667,1,7,15,13,0,0,16,540,0,480,0,0,0,0
0,0,0,0,162,0,0,0,15,30,299,0,295,65535,14014.5559,297,65238,65535,13828.7826,128,65407,0,0,93,43162.7097,0,0,30,10,blackhole,0,0,0,0,control,15,16,5,2.7333,970,696.9333,338,632,15,15,15,14,1,0,24301,1226,537,81,BH_CONTROL_N16_SEED456789,456789,0,0,0,0,0,65535,2388.0734,297,65238,0,blackhole:control:456789,73,0,0,0,0,0,0,0.0,0,0,16,16,0,7,16,60,0,0,0,0,0,0
0,0,0,0,340,0,0,0,0,0,295,0,295,882,647.9492,256,626,882,647.9492,256,626,0,0,43,624.6279,0,0,0,0,blackhole,0,0,0,0,control,0,16,12,6.875,912,603.8125,128,784,16,0,0,0,0,0,40683,2392,1080,172,BH_CONTROL_N16_SEED456789,456789,0,0,0,0,0,723,536.4031,256,467,0,blackhole:control:456789,74,0,0,0,15,4,4,2.8667,1,7,16,15,0,0,16,120,0,60,0,0,0,0
0,14,140,140,353,0,0,0,0,0,133,0,132,705,510.2121,256,449,705,507.3383,128,577,0,0,25,500.56,0,0,0,0,blackhole,0,0,0,0,control,0,16,13,8.125,723,501.375,128,595,16,0,0,0,0,0,40371,2467,1092,178,BH_CONTROL_N16_SEED456789,456789,0,0,0,0,0,722,519.6667,256,466,0,blackhole:control:456789,75,0,0,0,15,4,4,2.8667,1,7,16,15,0,0,16,180,0,120,0,0,0,0
0,4,40,40,339,0,0,0,0,0,39,0,39,674,455.8462,256,418,674,455.8462,256,418,0,0,14,496.4286,0,0,0,0,blackhole,0,0,0,0,control,0,16,13,8.125,674,485.75,128,546,16,0,0,0,0,0,38137,2348,1043,169,BH_CONTROL_N16_SEED456789,456789,0,0,0,0,0,690,515.876,256,434,0,blackhole:control:456789,76,0,0,0,15,4,4,2.8667,1,7,14,11,0,0,16,240,0,180,0,0,0,0
0,10,100,100,331,0,0,0,0,0,102,0,101,660,517.8713,384,276,660,514.049,128,532,0,0,19,491.9474,0,0,0,0,blackhole,0,0,0,0,control,0,16,13,8.125,656,480.125,128,528,16,0,0,0,0,1,37550,2259,1021,166,BH_CONTROL_N16_SEED456789,456789,0,0,0,0,0,690,508.5194,256,434,0,blackhole:control:456789,77,0,0,0,15,4,4,2.8667,1,7,15,13,0,0,16,300,0,240,0,0,0,0
0,10,100,100,340,0,0,0,0,0,27,0,27,666,598.7407,384,282,666,598.7407,384,282,0,0,15,555.7333,0,0,0,0,blackhole,0,0,0,0,control,0,16,13,8.125,665,477.0625,128,537,16,0,0,0,0,1,38185,2328,1047,169,BH_CONTROL_N16_SEED456789,456789,0,0,0,0,0,666,505.6279,256,410,0,blackhole:control:456789,78,0,0,0,15,4,4,2.8667,1,7,14,12,0,0,16,360,0,300,0,0,0,0
0,4,40,40,336,0,0,0,0,0,14,0,13,658,515.7692,384,274,658,488.0714,128,530,0,0,14,488.0714,0,0,0,0,blackhole,0,0,0,0,control,0,16,13,8.125,660,476.75,128,532,16,0,0,0,0,1,37730,2278,1038,173,BH_CONTROL_N16_SEED456789,456789,0,0,0,0,0,666,505.2171,256,410,0,blackhole:control:456789,79,0,0,0,15,4,4,2.8667,1,7,11,13,0,0,16,420,0,360,0,0,0,0
0,14,140,140,339,0,0,0,0,0,68,0,68,658,504.4118,256,402,658,504.4118,256,402,0,0,20,508.2,0,0,0,0,blackhole,0,0,0,0,control,0,16,13,8.125,658,476.125,128,530,16,0,0,0,0,1,38526,2336,1049,170,BH_CONTROL_N16_SEED456789,456789,0,0,0,0,0,666,502.6124,256,410,0,blackhole:control:456789,80,0,0,0,15,4,4,2.8667,1,7,16,15,0,0,16,480,0,420,0,0,0,0
0,3,29,30,330,0,0,0,0,0,47,0,47,646,515.234,384,262,646,515.234,384,262,0,0,12,524.6667,0,0,0,0,blackhole,0,0,0,0,control,0,16,13,8.125,646,473.625,128,518,16,0,0,0,0,1,36825,2255,1014,165,BH_CONTROL_N16_SEED456789,456789,0,0,0,0,0,660,500.4496,256,404,0,blackhole:control:456789,81,0,0,0,15,4,4,2.8667,1,7,15,12,0,0,16,540,0,480,0,0,0,0
0,0,0,0,176,0,0,0,15,30,337,0,333,65535,12664.4505,271,65264,65535,12515.6499,128,65407,0,0,99,41231.9899,0,0,45,15,blackhole,0,0,0,0,control,15,16,4,2.4,901,681.7333,338,563,15,15,15,14,1,0,26793,1311,591,84,BH_CONTROL_N16_SEED567890,567890,0,0,0,0,0,837,619.3465,271,566,0,blackhole:control:567890,82,0,0,0,0,0,0,0.0,0,0,16,16,0,7,16,60,0,0,0,0,0,0
0,0,0,0,336,0,0,0,0,0,302,0,301,829,605.8173,256,573,829,604.2351,128,701,0,0,41,582.4634,0,0,0,0,blackhole,0,0,0,0,control,0,16,12,8.0,837,578.75,128,709,16,0,0,0,0,0,39820,2186,1056,169,BH_CONTROL_N16_SEED567890,567890,0,0,0,0,0,711,543.9225,256,455,0,blackhole:control:567890,83,0,0,0,15,4,4,2.8667,1,7,16,16,0,0,16,120,0,60,0,0,0,0
0,14,140,140,338,0,0,0,0,0,139,0,139,691,520.9209,256,435,691,520.9209,256,435,0,0,25,541.44,0,0,0,0,blackhole,0,0,0,0,control,0,16,13,8.125,705,507.5625,128,577,16,0,0,0,0,0,38794,2142,1053,169,BH_CONTROL_N16_SEED567890,567890,0,0,0,0,0,669,516.031,256,413,0,blackhole:control:567890,84,0,0,0,15,4,4,2.8667,1,7,16,15,0,0,16,180,0,120,0,0,0,0
0,4,40,40,344,0,0,0,0,0,30,0,29,656,446.4828,384,272,656,435.8667,128,528,0,0,16,481.25,0,0,0,0,blackhole,0,0,0,0,control,0,16,13,8.125,666,484.875,128,538,16,0,0,0,0,0,38466,2164,1055,171,BH_CONTROL_N16_SEED567890,567890,0,0,0,0,0,669,515.1705,256,413,0,blackhole:control:567890,85,0,0,0,15,4,4,2.8667,1,7,11,14,0,0,16,240,0,180,0,0,0,0
0,10,100,100,339,0,0,0,0,0,119,0,119,649,514.0336,256,393,649,514.0336,256,393,0,0,26,514.0385,0,0,0,0,blackhole,0,0,0,0,control,0,16,13,8.125,652,480.3125,128,524,16,0,0,0,0,1,39484,2180,1069,170,BH_CONTROL_N16_SEED567890,567890,0,0,0,0,0,662,506.2248,256,406,0,blackhole:control:567890,86,0,0,0,15,4,4,2.8667,1,7,16,15,0,0,16,300,0,240,0,0,0,0
0,13,130,130,339,0,0,0,0,0,17,0,17,642,589.0,384,258,642,589.0,384,258,0,0,10,552.1,0,0,0,0,blackhole,0,0,0,0,control,0,16,13,8.125,645,475.8125,128,517,16,0,0,0,0,1,37680,2129,1040,171,BH_CONTROL_N16_SEED567890,567890,0,0,0,0,0,649,504.938,256,393,0,blackhole:control:567890,87,0,0,0,15,4,4,2.8667,1,7,11,10,0,0,16,360,0,300,0,0,0,0
0,1,10,10,335,0,0,0,0,0,8,0,8,649,515.75,384,265,649,515.75,384,265,0,0,8,515.75,0,0,0,0,blackhole,0,0,0,0,control,0,16,13,8.125,650,475.1875,128,522,16,0,0,0,0,1,36941,2067,1022,170,BH_CONTROL_N16_SEED567890,567890,0,0,0,0,0,649,504.7519,256,393,0,blackhole:control:567890,88,0,0,0,15,4,4,2.8667,1,7,5,8,0,0,16,420,0,360,0,0,0,0
0,14,140,140,340,0,0,0,0,0,84,0,83,648,475.6145,256,392,648,471.4762,128,520,0,0,23,481.4783,0,0,0,0,blackhole,0,0,0,0,control,0,16,13,8.125,656,473.875,128,528,16,0,0,0,0,1,39293,2165,1065,171,BH_CONTROL_N16_SEED567890,567890,0,0,0,0,0,649,502.9922,256,393,0,blackhole:control:567890,89,0,0,0,15,4,4,2.8667,1,7,16,16,0,0,16,480,0,420,0,0,0,0
0,4,40,40,346,0,0,0,0,0,56,0,56,640,525.3214,384,256,640,525.3214,384,256,0,0,15,514.2667,0,0,0,0,blackhole,0,0,0,0,control,0,16,13,8.125,647,474.25,128,519,16,0,0,0,0,1,38749,2149,1062,174,BH_CONTROL_N16_SEED567890,567890,0,0,0,0,0,649,500.9922,256,393,0,blackhole:control:567890,90,0,0,0,15,4,4,2.8667,1,7,15,12,0,0,16,540,0,480,0,0,0,0
0,0,0,0,188,1,0,0,15,30,333,0,329,65535,12238.9483,258,65277,65535,12093.4715,128,65407,0,0,96,40482.2396,0,0,51,14,sinkhole,0,0,0,0,attack,15,16,5,2.4667,899,688.0667,338,561,15,15,15,14,1,0,27507,1290,623,90,SH_ATTACK_N16_SEED123456,123456,0,0,0,0,0,65535,1151.112,258,65277,0,sinkhole:attack:123456,91,0,0,0,0,0,0,0.0,0,0,16,16,0,5,16,60,0,0,0,0,0,0
0,0,0,0,337,1,0,0,0,0,294,0,293,811,592.1911,256,555,811,590.6122,128,683,0,0,45,577.2667,0,0,0,0,sinkhole,0,0,0,0,attack,0,16,13,7.9375,820,577.1875,128,692,16,0,0,0,0,0,40249,2128,1069,171,SH_ATTACK_N16_SEED123456,123456,0,0,0,0,0,697,539.7364,256,441,0,sinkhole:attack:123456,92,0,0,0,15,4,4,2.8667,1,5,16,16,0,0,16,120,0,60,0,0,0,0
0,14,140,140,337,1,0,0,0,0,135,0,135,668,512.8222,256,412,668,512.8222,256,412,0,0,23,503.1304,0,0,0,0,sinkhole,0,0,0,0,attack,0,16,13,8.125,692,499.9375,128,564,16,0,0,0,0,0,38768,2088,1046,172,SH_ATTACK_N16_SEED123456,123456,0,0,0,0,0,693,517.4341,256,437,0,sinkhole:attack:123456,93,0,0,0,15,4,4,2.8667,1,5,16,15,0,0,16,180,0,120,0,0,0,0
0,4,40,40,333,1,0,0,0,0,19,0,18,657,455.9444,256,401,657,438.6842,128,529,0,0,15,487.4,0,0,0,0,sinkhole,0,0,0,0,attack,0,16,13,8.125,662,485.0,128,534,16,0,0,0,0,0,37392,2001,1029,168,SH_ATTACK_N16_SEED123456,123456,0,0,0,0,0,693,516.2636,256,437,0,sinkhole:attack:123456,94,0,0,0,15,4,4,2.8667,1,5,10,15,0,0,16,240,0,180,0,0,0,0
0,10,98,100,343,1,0,0,0,0,153,25,153,656,390.7124,128,528,656,390.7124,128,528,0,0,29,392.0,0,0,0,0,sinkhole,0,0,0,0,attack,0,16,13,8.125,649,461.3125,128,521,16,0,0,0,0,1,39915,2103,1063,175,SH_ATTACK_N16_SEED123456,123456,0,5,1,5,1,693,439.4884,128,565,5,sinkhole:attack:123456,95,0,0,0,15,4,4,2.8667,1,5,16,15,1,0,16,300,1,240,0,0,0,0
0,13,130,130,348,1,0,0,0,0,31,14,31,649,347.9677,128,521,649,347.9677,128,521,0,0,22,298.0455,0,0,0,0,sinkhole,0,0,0,0,attack,0,16,13,8.125,654,395.6875,128,526,16,0,0,0,0,1,38908,2100,1059,171,SH_ATTACK_N16_SEED123456,123456,0,11,0,5,1,656,437.1628,128,528,5,sinkhole:attack:123456,96,0,0,0,15,4,4,2.8667,1,5,12,10,1,0,16,360,1,300,0,0,0,0
0,1,10,10,337,1,0,0,0,0,11,0,11,643,385.9091,256,387,643,385.9091,256,387,0,0,11,385.9091,0,0,0,0,sinkhole,0,0,0,0,attack,0,16,13,8.125,646,394.5625,128,518,16,0,0,0,0,1,37548,2040,1037,169,SH_ATTACK_N16_SEED123456,123456,0,0,0,5,1,656,434.9457,128,528,5,sinkhole:attack:123456,97,0,0,0,15,4,4,2.8667,1,5,6,11,0,0,16,420,1,360,0,0,0,0
0,14,139,140,333,1,0,0,0,0,77,0,77,640,387.4935,256,384,640,387.4935,256,384,0,0,19,419.4211,0,0,0,0,sinkhole,0,0,0,0,attack,0,16,13,8.125,640,393.25,128,512,16,0,0,0,0,1,38197,2053,1040,168,SH_ATTACK_N16_SEED123456,123456,0,0,0,5,1,656,414.3178,128,528,5,sinkhole:attack:123456,98,0,0,0,15,4,4,2.8667,1,5,15,13,0,0,16,480,1,420,0,0,0,0
0,3,29,30,342,1,0,0,0,0,67,5,66,528,384.7273,128,400,528,380.8955,128,400,0,0,17,379.2941,0,0,0,0,sinkhole,0,0,0,0,attack,0,16,13,8.125,528,362.875,128,400,16,0,0,0,0,1,38765,2095,1055,171,SH_ATTACK_N16_SEED123456,123456,0,1,0,5,1,640,378.3876,128,512,5,sinkhole:attack:123456,99,0,0,0,15,4,4,2.8667,1,5,16,12,1,0,16,540,1,480,0,0,0,0
0,0,0,0,184,1,0,0,15,30,354,0,350,65535,11910.24,256,65279,65535,11777.1073,128,65407,0,0,100,40185.35,0,0,31,11,sinkhole,0,0,0,0,attack,15,16,7,2.4667,903,687.4,338,565,15,15,15,14,1,0,27199,1316,611,88,SH_ATTACK_N16_SEED234567,234567,0,0,0,0,0,65535,1150.7705,256,65279,0,sinkhole:attack:234567,100,0,0,0,0,0,0,0.0,0,0,16,16,0,8,16,60,0,0,0,0,0,0
0,0,0,0,342,1,0,0,0,0,278,0,278,748,571.464,256,492,748,571.464,256,492,0,0,42,562.1905,0,0,0,0,sinkhole,0,0,0,0,attack,0,16,12,7.6875,878,577.375,128,750,16,0,0,0,0,0,40168,2230,1073,170,SH_ATTACK_N16_SEED234567,234567,0,0,0,0,0,715,536.4651,256,459,0,sinkhole:attack:234567,101,0,0,0,15,4,4,2.8667,1,8,16,15,0,0,16,120,0,60,0,0,0,0
0,14,140,140,343,1,0,0,0,0,138,0,137,687,519.0292,256,431,687,516.1957,128,559,0,0,25,516.36,0,0,0,0,sinkhole,0,0,0,0,attack,0,16,13,8.125,710,499.3125,128,582,16,0,0,0,0,0,39625,2230,1072,175,SH_ATTACK_N16_SEED234567,234567,0,0,0,0,0,683,514.7132,256,427,0,sinkhole:attack:234567,102,0,0,0,15,4,4,2.8667,1,8,16,16,0,0,16,180,0,120,0,0,0,0
0,6,60,60,337,1,0,0,0,0,18,0,17,664,461.3529,384,280,664,442.8333,128,536,0,0,11,476.4545,0,0,0,0,sinkhole,0,0,0,0,attack,0,16,13,8.125,672,484.125,128,544,16,0,0,0,0,0,37414,2100,1031,171,SH_ATTACK_N16_SEED234567,234567,0,0,0,0,0,683,514.6822,256,427,0,sinkhole:attack:234567,103,0,0,0,15,4,4,2.8667,1,8,12,11,0,0,16,240,0,180,0,0,0,0
0,8,80,80,343,1,0,0,0,0,147,25,147,655,423.8571,128,527,655,423.8571,128,527,0,0,31,426.3548,0,0,0,0,sinkhole,0,0,0,0,attack,0,16,13,8.125,657,471.625,128,529,16,0,0,0,0,1,39715,2186,1065,171,SH_ATTACK_N16_SEED234567,234567,0,5,1,5,1,657,473.6434,128,529,5,sinkhole:attack:234567,104,0,0,0,15,4,4,2.8667,1,8,16,15,1,0,16,300,1,240,0,0,0,0
0,13,130,130,337,1,0,0,0,0,21,5,21,647,437.4762,128,519,647,437.4762,128,519,0,0,10,415.3,0,0,0,0,sinkhole,0,0,0,0,attack,0,16,13,8.125,651,436.8125,128,523,16,0,0,0,0,1,37249,2134,1026,167,SH_ATTACK_N16_SEED234567,234567,0,1,0,5,1,653,473.1008,128,525,5,sinkhole:attack:234567,105,0,0,0,15,4,4,2.8667,1,8,14,10,1,0,16,360,1,300,0,0,0,0
0,1,10,10,333,1,0,0,0,0,14,0,14,646,442.9286,256,390,646,442.9286,256,390,0,0,14,442.9286,0,0,0,0,sinkhole,0,0,0,0,attack,0,16,13,8.125,646,437.25,128,518,16,0,0,0,0,1,37148,2103,1025,166,SH_ATTACK_N16_SEED234567,234567,0,0,0,5,1,653,470.907,128,525,5,sinkhole:attack:234567,106,0,0,0,15,4,4,2.8667,1,8,6,13,0,0,16,420,1,360,0,0,0,0
0,14,140,140,338,1,0,0,0,0,79,5,78,646,438.1282,128,518,646,434.2025,128,518,0,0,16,435.125,0,0,0,0,sinkhole,0,0,0,0,attack,0,16,13,8.125,646,435.5625,128,518,16,0,0,0,0,1,37747,2126,1032,171,SH_ATTACK_N16_SEED234567,234567,0,1,0,5,1,653,453.3721,128,525,5,sinkhole:attack:234567,107,0,0,0,15,4,4,2.8667,1,8,16,13,1,0,16,480,1,420,0,0,0,0
0,6,60,60,344,1,0,0,0,0,63,0,63,646,489.6825,256,390,646,489.6825,256,390,0,0,19,475.3684,0,0,0,0,sinkhole,0,0,0,0,attack,0,16,13,8.125,646,427.0625,128,518,16,0,0,0,0,1,39126,2193,1070,173,SH_ATTACK_N16_SEED234567,234567,0,0,0,5,1,646,452.1705,128,518,5,sinkhole:attack:234567,108,0,0,0,15,4,4,2.8667,1,8,15,14,0,0,16,540,1,480,0,0,0,0
0,0,0,0,178,1,0,0,14,28,356,0,352,65535,12013.0369,281,65254,65535,11879.4972,128,65407,0,0,100,40826.62,0,0,53,14,sinkhole,0,0,0,0,attack,15,16,6,2.7333,868,681.8667,338,530,15,15,15,14,1,0,26481,1300,596,87,SH_ATTACK_N16_SEED345678,345678,0,0,0,0,0,65535,1670.5082,281,65254,0,sinkhole:attack:345678,109,0,0,0,0,0,0,0.0,0,0,16,16,0,7,16,60,0,0,0,0,0,0
0,0,0,0,342,1,0,0,1,2,272,0,271,824,604.8745,256,568,824,603.1213,128,696,0,0,39,601.359,0,0,0,0,sinkhole,0,0,0,0,attack,0,16,12,7.6875,833,575.6875,128,705,16,0,0,0,0,0,40361,2250,1074,172,SH_ATTACK_N16_SEED345678,345678,0,0,0,0,0,706,541.5116,256,450,0,sinkhole:attack:345678,110,0,0,0,15,4,4,2.8667,1,7,16,16,0,0,16,120,0,60,0,0,0,0
0,14,139,140,336,1,0,0,0,0,134,0,134,691,506.6567,256,435,691,506.6567,256,435,0,0,29,504.1034,0,0,0,0,sinkhole,0,0,0,0,attack,0,16,13,8.125,701,499.125,128,573,16,0,0,0,0,0,39044,2212,1054,170,SH_ATTACK_N16_SEED345678,345678,0,0,0,0,0,706,519.6279,256,450,0,sinkhole:attack:345678,111,0,0,0,15,4,4,2.8667,1,7,16,14,0,0,16,180,0,120,0,0,0,0
0,4,40,40,338,1,0,0,0,0,43,0,42,678,513.4762,256,422,678,504.5116,128,550,0,0,15,482.4,0,0,0,0,sinkhole,0,0,0,0,attack,0,16,13,8.125,681,486.4375,128,553,16,0,0,0,0,0,38894,2266,1050,174,SH_ATTACK_N16_SEED345678,345678,0,0,0,0,0,702,516.1628,256,446,0,sinkhole:attack:345678,112,0,0,0,15,4,4,2.8667,1,7,16,12,0,0,16,240,0,180,0,0,0,0
0,10,100,100,352,1,0,0,0,0,127,20,127,665,402.811,128,537,665,402.811,128,537,0,0,26,422.3462,0,0,0,0,sinkhole,0,0,0,0,attack,0,16,13,8.125,675,460.5625,128,547,16,0,0,0,0,1,40190,2265,1086,175,SH_ATTACK_N16_SEED345678,345678,0,4,1,5,1,672,452.6124,128,544,5,sinkhole:attack:345678,113,0,0,0,15,4,4,2.8667,1,7,16,15,1,0,16,300,1,240,0,0,0,0
0,11,109,110,335,1,0,0,0,0,20,10,20,650,258.25,128,522,650,258.25,128,522,0,0,12,345.0833,0,0,0,0,sinkhole,0,0,0,0,attack,0,16,13,8.125,655,372.25,128,527,16,0,0,0,0,1,37242,2119,1023,171,SH_ATTACK_N16_SEED345678,345678,0,2,0,5,1,672,448.0853,128,544,5,sinkhole:attack:345678,114,0,0,0,15,4,4,2.8667,1,7,9,11,1,0,16,360,1,300,0,0,0,0
0,3,29,30,343,1,0,0,0,0,17,5,17,512,295.7647,128,384,512,295.7647,128,384,0,0,17,295.7647,0,0,0,0,sinkhole,0,0,0,0,attack,0,16,13,8.125,650,370.5625,128,522,16,0,0,0,0,1,38735,2203,1059,173,SH_ATTACK_N16_SEED345678,345678,0,5,0,5,1,663,440.2636,128,535,5,sinkhole:attack:345678,115,0,0,0,15,4,4,2.8667,1,7,8,13,1,0,16,420,1,360,0,0,0,0
0,14,140,140,337,1,0,0,0,0,109,5,109,650,364.055,128,522,650,364.055,128,522,0,0,23,380.1739,0,0,0,0,sinkhole,0,0,0,0,attack,0,16,13,8.125,650,369.875,128,522,16,0,0,0,0,1,38608,2172,1048,171,SH_ATTACK_N16_SEED345678,345678,0,1,0,5,1,659,387.7054,128,531,5,sinkhole:attack:345678,116,0,0,0,15,4,4,2.8667,1,7,16,15,1,0,16,480,1,420,0,0,0,0
0,5,49,50,336,1,0,0,0,0,24,0,23,512,384.0,256,256,512,373.3333,128,384,0,0,15,366.9333,0,0,0,0,sinkhole,0,0,0,0,attack,0,16,13,8.125,512,360.5,128,384,16,0,0,0,0,1,37419,2124,1032,169,SH_ATTACK_N16_SEED345678,345678,0,0,0,5,1,659,382.1163,128,531,5,sinkhole:attack:345678,117,0,0,0,15,4,4,2.8667,1,7,13,14,0,0,16,540,1,480,0,0,0,0
0,0,0,0,162,1,0,0,15,30,299,0,295,65535,14014.5559,297,65238,65535,13828.7826,128,65407,0,0,93,43162.7097,0,0,30,10,sinkhole,0,0,0,0,attack,15,16,5,2.7333,970,696.9333,338,632,15,15,15,14,1,0,24301,1226,537,81,SH_ATTACK_N16_SEED456789,456789,0,0,0,0,0,65535,2388.0734,297,65238,0,sinkhole:attack:456789,118,0,0,0,0,0,0,0.0,0,0,16,16,0,7,16,60,0,0,0,0,0,0
0,0,0,0,340,1,0,0,0,0,295,0,295,882,647.9492,256,626,882,647.9492,256,626,0,0,43,624.6279,0,0,0,0,sinkhole,0,0,0,0,attack,0,16,12,6.875,912,603.8125,128,784,16,0,0,0,0,0,40683,2392,1080,172,SH_ATTACK_N16_SEED456789,456789,0,0,0,0,0,723,536.4031,256,467,0,sinkhole:attack:456789,119,0,0,0,15,4,4,2.8667,1,7,16,15,0,0,16,120,0,60,0,0,0,0
0,14,140,140,353,1,0,0,0,0,133,0,132,705,510.2121,256,449,705,507.3383,128,577,0,0,25,500.56,0,0,0,0,sinkhole,0,0,0,0,attack,0,16,13,8.125,723,501.375,128,595,16,0,0,0,0,0,40371,2467,1092,178,SH_ATTACK_N16_SEED456789,456789,0,0,0,0,0,722,519.6667,256,466,0,sinkhole:attack:456789,120,0,0,0,15,4,4,2.8667,1,7,16,15,0,0,16,180,0,120,0,0,0,0
0,4,40,40,339,1,0,0,0,0,39,0,39,674,455.8462,256,418,674,455.8462,256,418,0,0,14,496.4286,0,0,0,0,sinkhole,0,0,0,0,attack,0,16,13,8.125,674,485.75,128,546,16,0,0,0,0,0,38137,2348,1043,169,SH_ATTACK_N16_SEED456789,456789,0,0,0,0,0,690,515.876,256,434,0,sinkhole:attack:456789,121,0,0,0,15,4,4,2.8667,1,7,14,11,0,0,16,240,0,180,0,0,0,0
0,10,100,100,334,1,0,0,0,0,117,25,116,660,406.3276,128,532,660,403.9487,128,532,0,0,24,389.3333,0,0,0,0,sinkhole,0,0,0,0,attack,0,16,13,8.125,656,456.125,128,528,16,0,0,0,0,1,37823,2265,1022,168,SH_ATTACK_N16_SEED456789,456789,0,5,1,5,1,690,486.2868,128,562,5,sinkhole:attack:456789,122,0,0,0,15,4,4,2.8667,1,7,16,14,1,0,16,300,1,240,0,0,0,0
0,10,100,100,338,1,0,0,0,0,33,5,33,665,496.0606,128,537,665,496.0606,128,537,0,0,17,472.2353,0,0,0,0,sinkhole,0,0,0,0,attack,0,16,13,8.125,665,427.5625,128,537,16,0,0,0,0,1,38231,2347,1046,169,SH_ATTACK_N16_SEED456789,456789,0,1,0,5,1,665,479.8915,128,537,5,sinkhole:attack:456789,123,0,0,0,15,4,4,2.8667,1,7,15,14,1,0,16,360,1,300,0,0,0,0
0,4,40,40,348,1,0,0,0,0,21,10,20,658,308.55,128,530,658,299.9524,128,530,0,0,21,299.9524,0,0,0,0,sinkhole,0,0,0,0,attack,0,16,13,8.125,659,429.8125,128,531,16,0,0,0,0,1,38242,2314,1051,171,SH_ATTACK_N16_SEED456789,456789,0,10,0,5,1,665,477.3566,128,537,5,sinkhole:attack:456789,124,0,0,0,15,4,4,2.8667,1,7,10,11,1,0,16,420,1,360,0,0,0,0
0,14,140,140,340,1,0,0,0,0,51,6,51,658,485.2745,128,530,658,485.2745,128,530,0,0,17,431.8235,0,0,0,0,sinkhole,0,0,0,0,attack,0,16,13,8.125,658,427.125,128,530,16,0,0,0,0,1,38488,2328,1049,171,SH_ATTACK_N16_SEED456789,456789,0,2,0,5,1,665,473.3488,128,537,5,sinkhole:attack:456789,125,0,0,0,15,4,4,2.8667,1,7,15,12,1,0,16,480,1,420,0,0,0,0
0,4,40,40,340,1,0,0,0,0,76,0,76,658,378.1316,256,402,658,378.1316,256,402,0,0,19,419.4737,0,0,0,0,sinkhole,0,0,0,0,attack,0,16,13,8.125,650,427.25,128,522,16,0,0,0,0,1,38880,2346,1058,171,SH_ATTACK_N16_SEED456789,456789,0,0,0,5,1,660,429.5736,128,532,5,sinkhole:attack:456789,126,0,0,0,15,4,4,2.8667,1,7,15,14,0,0,16,540,1,480,0,0,0,0
0,0,0,0,176,1,0,0,15,30,337,0,333,65535,12664.4505,271,65264,65535,12515.6499,128,65407,0,0,99,41231.9899,0,0,45,15,sinkhole,0,0,0,0,attack,15,16,4,2.4,901,681.7333,338,563,15,15,15,14,1,0,26793,1311,591,84,SH_ATTACK_N16_SEED567890,567890,0,0,0,0,0,837,619.3465,271,566,0,sinkhole:attack:567890,127,0,0,0,0,0,0,0.0,0,0,16,16,0,7,16,60,0,0,0,0,0,0
0,0,0,0,336,1,0,0,0,0,302,0,301,829,605.8173,256,573,829,604.2351,128,701,0,0,41,582.4634,0,0,0,0,sinkhole,0,0,0,0,attack,0,16,12,8.0,837,578.75,128,709,16,0,0,0,0,0,39820,2186,1056,169,SH_ATTACK_N16_SEED567890,567890,0,0,0,0,0,711,543.9225,256,455,0,sinkhole:attack:567890,128,0,0,0,15,4,4,2.8667,1,7,16,16,0,0,16,120,0,60,0,0,0,0
0,14,140,140,338,1,0,0,0,0,139,0,139,691,520.9209,256,435,691,520.9209,256,435,0,0,25,541.44,0,0,0,0,sinkhole,0,0,0,0,attack,0,16,13,8.125,705,507.5625,128,577,16,0,0,0,0,0,38794,2142,1053,169,SH_ATTACK_N16_SEED567890,567890,0,0,0,0,0,669,516.031,256,413,0,sinkhole:attack:567890,129,0,0,0,15,4,4,2.8667,1,7,16,15,0,0,16,180,0,120,0,0,0,0
0,4,40,40,344,1,0,0,0,0,30,0,29,656,446.4828,384,272,656,435.8667,128,528,0,0,16,481.25,0,0,0,0,sinkhole,0,0,0,0,attack,0,16,13,8.125,666,484.875,128,538,16,0,0,0,0,0,38466,2164,1055,171,SH_ATTACK_N16_SEED567890,567890,0,0,0,0,0,669,515.1705,256,413,0,sinkhole:attack:567890,130,0,0,0,15,4,4,2.8667,1,7,11,14,0,0,16,240,0,180,0,0,0,0
0,10,100,100,338,1,0,0,0,0,139,25,139,649,426.2158,128,521,649,426.2158,128,521,0,0,30,425.9667,0,0,0,0,sinkhole,0,0,0,0,attack,0,16,13,8.125,652,472.3125,128,524,16,0,0,0,0,1,39843,2201,1068,168,SH_ATTACK_N16_SEED567890,567890,0,5,1,5,1,662,474.2713,128,534,5,sinkhole:attack:567890,131,0,0,0,15,4,4,2.8667,1,7,16,15,1,0,16,300,1,240,0,0,0,0
0,13,130,130,343,1,0,0,0,0,21,5,21,674,482.3333,128,546,674,482.3333,128,546,0,0,10,506.5,0,0,0,0,sinkhole,0,0,0,0,attack,0,16,13,8.125,655,439.6875,128,527,16,0,0,0,0,1,37682,2116,1041,170,SH_ATTACK_N16_SEED567890,567890,0,1,0,5,1,674,472.7907,128,546,5,sinkhole:attack:567890,132,0,0,0,15,4,4,2.8667,1,7,13,10,1,0,16,360,1,300,0,0,0,0
0,1,10,10,324,1,0,0,0,0,11,0,11,662,470.2727,256,406,662,470.2727,256,406,0,0,11,470.2727,0,0,0,0,sinkhole,0,0,0,0,attack,0,16,13,8.125,664,436.6875,128,536,16,0,0,0,0,1,36271,2051,999,163,SH_ATTACK_N16_SEED567890,567890,0,0,0,5,1,674,471.2326,128,546,5,sinkhole:attack:567890,133,0,0,0,15,4,4,2.8667,1,7,6,11,0,0,16,420,1,360,0,0,0,0
0,14,140,140,345,1,0,0,0,0,41,5,41,664,480.6829,128,536,664,480.6829,128,536,0,0,16,468.5,0,0,0,0,sinkhole,0,0,0,0,attack,0,16,13,8.125,657,435.0,128,529,16,0,0,0,0,1,38728,2177,1059,172,SH_ATTACK_N16_SEED567890,567890,0,1,0,5,1,662,466.9922,128,534,5,sinkhole:attack:567890,134,0,0,0,15,4,4,2.8667,1,7,15,13,1,0,16,480,1,420,0,0,0,0
0,3,30,30,349,1,0,0,0,0,85,0,84,652,453.631,256,396,652,449.8,128,524,0,0,18,441.8333,0,0,0,0,sinkhole,0,0,0,0,attack,0,16,13,8.125,650,434.25,128,522,16,0,0,0,0,1,40759,2295,1100,180,SH_ATTACK_N16_SEED567890,567890,0,0,0,5,1,662,454.9767,128,534,5,sinkhole:attack:567890,135,0,0,0,15,4,4,2.8667,1,7,15,14,0,0,16,540,1,480,0,0,0,0
0,0,0,0,188,0,0,0,15,30,333,0,329,65535,12238.9483,258,65277,65535,12093.4715,128,65407,0,0,96,40482.2396,0,0,51,14,sinkhole,0,0,0,0,control,15,16,5,2.4667,899,688.0667,338,561,15,15,15,14,1,0,27507,1290,623,90,SH_CONTROL_N16_SEED123456,123456,0,0,0,0,0,65535,1151.112,258,65277,0,sinkhole:control:123456,136,0,0,0,0,0,0,0.0,0,0,16,16,0,5,16,60,0,0,0,0,0,0
0,0,0,0,337,0,0,0,0,0,294,0,293,811,592.1911,256,555,811,590.6122,128,683,0,0,45,577.2667,0,0,0,0,sinkhole,0,0,0,0,control,0,16,13,7.9375,820,577.1875,128,692,16,0,0,0,0,0,40249,2128,1069,171,SH_CONTROL_N16_SEED123456,123456,0,0,0,0,0,697,539.7364,256,441,0,sinkhole:control:123456,137,0,0,0,15,4,4,2.8667,1,5,16,16,0,0,16,120,0,60,0,0,0,0
0,14,140,140,337,0,0,0,0,0,135,0,135,668,512.8222,256,412,668,512.8222,256,412,0,0,23,503.1304,0,0,0,0,sinkhole,0,0,0,0,control,0,16,13,8.125,692,499.9375,128,564,16,0,0,0,0,0,38768,2088,1046,172,SH_CONTROL_N16_SEED123456,123456,0,0,0,0,0,693,517.4341,256,437,0,sinkhole:control:123456,138,0,0,0,15,4,4,2.8667,1,5,16,15,0,0,16,180,0,120,0,0,0,0
0,4,40,40,333,0,0,0,0,0,19,0,18,657,455.9444,256,401,657,438.6842,128,529,0,0,15,487.4,0,0,0,0,sinkhole,0,0,0,0,control,0,16,13,8.125,662,485.0,128,534,16,0,0,0,0,0,37392,2001,1029,168,SH_CONTROL_N16_SEED123456,123456,0,0,0,0,0,693,516.2636,256,437,0,sinkhole:control:123456,139,0,0,0,15,4,4,2.8667,1,5,10,15,0,0,16,240,0,180,0,0,0,0
0,10,98,100,332,0,0,0,0,0,128,0,128,646,503.8672,384,262,646,503.8672,384,262,0,0,24,510.0,0,0,0,0,sinkhole,0,0,0,0,control,0,16,13,8.125,649,477.3125,128,521,16,0,0,0,0,1,38317,2029,1036,167,SH_CONTROL_N16_SEED123456,123456,0,0,0,0,0,693,501.845,256,437,0,sinkhole:control:123456,140,0,0,0,15,4,4,2.8667,1,5,15,14,0,0,16,300,0,240,0,0,0,0
0,13,130,130,337,0,0,0,0,0,18,0,18,642,569.5,384,258,642,569.5,384,258,0,0,12,533.75,0,0,0,0,sinkhole,0,0,0,0,control,0,16,13,8.125,643,473.25,128,515,16,0,0,0,0,1,37480,2027,1036,169,SH_CONTROL_N16_SEED123456,123456,0,0,0,0,0,645,500.4341,256,389,0,sinkhole:control:123456,141,0,0,0,15,4,4,2.8667,1,5,10,10,0,0,16,360,0,300,0,0,0,0
0,1,10,10,343,0,0,0,0,0,10,0,10,640,486.4,384,256,640,486.4,384,256,0,0,10,486.4,0,0,0,0,sinkhole,0,0,0,0,control,0,16,13,8.125,640,472.0,128,512,16,0,0,0,0,1,38271,2076,1054,173,SH_CONTROL_N16_SEED123456,123456,0,0,0,0,0,645,500.2636,256,389,0,sinkhole:control:123456,142,0,0,0,15,4,4,2.8667,1,5,5,10,0,0,16,420,0,360,0,0,0,0
0,14,140,140,338,0,0,0,0,0,85,0,84,646,500.2857,256,390,646,495.9059,128,518,0,0,19,500.2632,0,0,0,0,sinkhole,0,0,0,0,control,0,16,13,8.125,648,473.25,128,520,16,0,0,0,0,1,38190,2041,1034,169,SH_CONTROL_N16_SEED123456,123456,0,0,0,0,0,646,500.0465,256,390,0,sinkhole:control:123456,143,0,0,0,15,4,4,2.8667,1,5,16,14,0,0,16,480,0,420,0,0,0,0
0,3,30,30,335,0,0,0,0,0,59,0,59,642,496.1695,384,258,642,496.1695,384,258,0,0,17,514.0,0,0,0,0,sinkhole,0,0,0,0,control,0,16,13,8.125,643,473.75,128,515,16,0,0,0,0,1,37739,2042,1030,167,SH_CONTROL_N16_SEED123456,123456,0,0,0,0,0,642,499.7907,256,386,0,sinkhole:control:123456,144,0,0,0,15,4,4,2.8667,1,5,15,12,0,0,16,540,0,480,0,0,0,0
0,0,0,0,184,0,0,0,15,30,354,0,350,65535,11910.24,256,65279,65535,11777.1073,128,65407,0,0,100,40185.35,0,0,31,11,sinkhole,0,0,0,0,control,15,16,7,2.4667,903,687.4,338,565,15,15,15,14,1,0,27199,1316,611,88,SH_CONTROL_N16_SEED234567,234567,0,0,0,0,0,65535,1150.7705,256,65279,0,sinkhole:control:234567,145,0,0,0,0,0,0,0.0,0,0,16,16,0,8,16,60,0,0,0,0,0,0
0,0,0,0,342,0,0,0,0,0,278,0,278,748,571.464,256,492,748,571.464,256,492,0,0,42,562.1905,0,0,0,0,sinkhole,0,0,0,0,control,0,16,12,7.6875,878,577.375,128,750,16,0,0,0,0,0,40168,2230,1073,170,SH_CONTROL_N16_SEED234567,234567,0,0,0,0,0,715,536.4651,256,459,0,sinkhole:control:234567,146,0,0,0,15,4,4,2.8667,1,8,16,15,0,0,16,120,0,60,0,0,0,0
0,14,140,140,343,0,0,0,0,0,138,0,137,687,519.0292,256,431,687,516.1957,128,559,0,0,25,516.36,0,0,0,0,sinkhole,0,0,0,0,control,0,16,13,8.125,710,499.3125,128,582,16,0,0,0,0,0,39625,2230,1072,175,SH_CONTROL_N16_SEED234567,234567,0,0,0,0,0,683,514.7132,256,427,0,sinkhole:control:234567,147,0,0,0,15,4,4,2.8667,1,8,16,16,0,0,16,180,0,120,0,0,0,0
0,6,60,60,337,0,0,0,0,0,18,0,17,664,461.3529,384,280,664,442.8333,128,536,0,0,11,476.4545,0,0,0,0,sinkhole,0,0,0,0,control,0,16,13,8.125,672,484.125,128,544,16,0,0,0,0,0,37414,2100,1031,171,SH_CONTROL_N16_SEED234567,234567,0,0,0,0,0,683,514.6822,256,427,0,sinkhole:control:234567,148,0,0,0,15,4,4,2.8667,1,8,12,11,0,0,16,240,0,180,0,0,0,0
0,8,80,80,338,0,0,0,0,0,127,0,127,664,504.3937,256,408,664,504.3937,256,408,0,0,27,509.2593,0,0,0,0,sinkhole,0,0,0,0,control,0,16,13,8.125,657,479.625,128,529,16,0,0,0,0,1,39279,2194,1058,171,SH_CONTROL_N16_SEED234567,234567,0,0,0,0,0,664,505.0775,256,408,0,sinkhole:control:234567,149,0,0,0,15,4,4,2.8667,1,8,16,15,0,0,16,300,0,240,0,0,0,0
0,12,120,120,324,0,0,0,0,0,15,0,15,654,568.6667,384,270,654,568.6667,384,270,0,0,8,501.0,0,0,0,0,sinkhole,0,0,0,0,control,0,16,13,8.125,660,477.125,128,532,16,0,0,0,0,1,35775,2030,989,165,SH_CONTROL_N16_SEED234567,234567,0,0,0,0,0,664,504.3643,256,408,0,sinkhole:control:234567,150,0,0,0,15,4,4,2.8667,1,8,11,8,0,0,16,360,0,300,0,0,0,0
0,2,20,20,338,0,0,0,0,0,14,0,14,646,498.5714,384,262,646,498.5714,384,262,0,0,14,498.5714,0,0,0,0,sinkhole,0,0,0,0,control,0,16,13,8.125,653,476.8125,128,525,16,0,0,0,0,1,38066,2154,1044,169,SH_CONTROL_N16_SEED234567,234567,0,0,0,0,0,664,504.3566,256,408,0,sinkhole:control:234567,151,0,0,0,15,4,4,2.8667,1,8,9,13,0,0,16,420,0,360,0,0,0,0
0,14,140,140,340,0,0,0,0,0,87,0,86,646,503.4302,384,262,646,499.1149,128,518,0,0,18,496.3889,0,0,0,0,sinkhole,0,0,0,0,control,0,16,13,8.125,646,475.875,128,518,16,0,0,0,0,1,38768,2182,1055,174,SH_CONTROL_N16_SEED234567,234567,0,0,0,0,0,664,505.1628,256,408,0,sinkhole:control:234567,152,0,0,0,15,4,4,2.8667,1,8,15,13,0,0,16,480,0,420,0,0,0,0
0,6,60,60,347,0,0,0,0,0,54,0,54,659,511.6296,256,403,659,511.6296,256,403,0,0,18,511.7778,0,0,0,0,sinkhole,0,0,0,0,control,0,16,13,8.125,649,477.25,128,521,16,0,0,0,0,1,39226,2195,1073,172,SH_CONTROL_N16_SEED234567,234567,0,0,0,0,0,658,504.6589,256,402,0,sinkhole:control:234567,153,0,0,0,15,4,4,2.8667,1,8,15,13,0,0,16,540,0,480,0,0,0,0
0,0,0,0,178,0,0,0,14,28,356,0,352,65535,12013.0369,281,65254,65535,11879.4972,128,65407,0,0,100,40826.62,0,0,53,14,sinkhole,0,0,0,0,control,15,16,6,2.7333,868,681.8667,338,530,15,15,15,14,1,0,26481,1300,596,87,SH_CONTROL_N16_SEED345678,345678,0,0,0,0,0,65535,1670.5082,281,65254,0,sinkhole:control:345678,154,0,0,0,0,0,0,0.0,0,0,16,16,0,7,16,60,0,0,0,0,0,0
0,0,0,0,342,0,0,0,1,2,272,0,271,824,604.8745,256,568,824,603.1213,128,696,0,0,39,601.359,0,0,0,0,sinkhole,0,0,0,0,control,0,16,12,7.6875,833,575.6875,128,705,16,0,0,0,0,0,40361,2250,1074,172,SH_CONTROL_N16_SEED345678,345678,0,0,0,0,0,706,541.5116,256,450,0,sinkhole:control:345678,155,0,0,0,15,4,4,2.8667,1,7,16,16,0,0,16,120,0,60,0,0,0,0
0,14,139,140,336,0,0,0,0,0,134,0,134,691,506.6567,256,435,691,506.6567,256,435,0,0,29,504.1034,0,0,0,0,sinkhole,0,0,0,0,control,0,16,13,8.125,701,499.125,128,573,16,0,0,0,0,0,39044,2212,1054,170,SH_CONTROL_N16_SEED345678,345678,0,0,0,0,0,706,519.6279,256,450,0,sinkhole:control:345678,156,0,0,0,15,4,4,2.8667,1,7,16,14,0,0,16,180,0,120,0,0,0,0
0,4,40,40,338,0,0,0,0,0,43,0,42,678,513.4762,256,422,678,504.5116,128,550,0,0,15,482.4,0,0,0,0,sinkhole,0,0,0,0,control,0,16,13,8.125,681,486.4375,128,553,16,0,0,0,0,0,38894,2266,1050,174,SH_CONTROL_N16_SEED345678,345678,0,0,0,0,0,702,516.1628,256,446,0,sinkhole:control:345678,157,0,0,0,15,4,4,2.8667,1,7,16,12,0,0,16,240,0,180,0,0,0,0
0,10,100,100,351,0,0,0,0,0,114,0,114,665,519.8509,384,281,665,519.8509,384,281,0,0,22,534.4091,0,0,0,0,sinkhole,0,0,0,0,control,0,16,13,8.125,675,485.3125,128,547,16,0,0,0,0,1,40173,2267,1087,177,SH_CONTROL_N16_SEED345678,345678,0,0,0,0,0,663,507.814,256,407,0,sinkhole:control:345678,158,0,0,0,15,4,4,2.8667,1,7,15,14,0,0,16,300,0,240,0,0,0,0
0,11,110,110,335,0,0,0,0,0,12,0,12,659,506.5,384,275,659,506.5,384,275,0,0,12,506.5,0,0,0,0,sinkhole,0,0,0,0,control,0,16,13,8.125,655,476.625,128,527,16,0,0,0,0,1,37966,2211,1040,169,SH_CONTROL_N16_SEED345678,345678,0,0,0,0,0,663,507.2481,256,407,0,sinkhole:control:345678,159,0,0,0,15,4,4,2.8667,1,7,8,12,0,0,16,360,0,300,0,0,0,0
0,3,30,30,340,0,0,0,0,0,12,0,12,665,505.9167,384,281,665,505.9167,384,281,0,0,12,505.9167,0,0,0,0,sinkhole,0,0,0,0,control,0,16,13,8.125,659,475.8125,128,531,16,0,0,0,0,1,38020,2171,1048,172,SH_CONTROL_N16_SEED345678,345678,0,0,0,0,0,665,506.7674,256,409,0,sinkhole:control:345678,160,0,0,0,15,4,4,2.8667,1,7,7,12,0,0,16,420,0,360,0,0,0,0
0,14,140,140,340,0,0,0,0,0,76,0,75,657,494.16,256,401,657,489.3421,128,529,0,0,18,485.8889,0,0,0,0,sinkhole,0,0,0,0,control,0,16,13,8.125,665,475.75,128,537,16,0,0,0,0,1,38334,2170,1045,171,SH_CONTROL_N16_SEED345678,345678,0,0,0,0,0,665,504.3798,256,409,0,sinkhole:control:345678,161,0,0,0,15,4,4,2.8667,1,7,16,14,0,0,16,480,0,420,0,0,0,0
0,5,50,50,333,0,0,0,0,0,60,0,60,652,494.5167,384,268,652,494.5167,384,268,0,0,16,505.9375,0,0,0,0,sinkhole,0,0,0,0,control,0,16,13,8.125,656,474.0625,128,528,16,0,0,0,0,1,37821,2141,1031,169,SH_CONTROL_N16_SEED345678,345678,0,0,0,0,0,657,501.8837,256,401,0,sinkhole:control:345678,162,0,0,0,15,4,4,2.8667,1,7,15,13,0,0,16,540,0,480,0,0,0,0
0,0,0,0,162,0,0,0,15,30,299,0,295,65535,14014.5559,297,65238,65535,13828.7826,128,65407,0,0,93,43162.7097,0,0,30,10,sinkhole,0,0,0,0,control,15,16,5,2.7333,970,696.9333,338,632,15,15,15,14,1,0,24301,1226,537,81,SH_CONTROL_N16_SEED456789,456789,0,0,0,0,0,65535,2388.0734,297,65238,0,sinkhole:control:456789,163,0,0,0,0,0,0,0.0,0,0,16,16,0,7,16,60,0,0,0,0,0,0
0,0,0,0,340,0,0,0,0,0,295,0,295,882,647.9492,256,626,882,647.9492,256,626,0,0,43,624.6279,0,0,0,0,sinkhole,0,0,0,0,control,0,16,12,6.875,912,603.8125,128,784,16,0,0,0,0,0,40683,2392,1080,172,SH_CONTROL_N16_SEED456789,456789,0,0,0,0,0,723,536.4031,256,467,0,sinkhole:control:456789,164,0,0,0,15,4,4,2.8667,1,7,16,15,0,0,16,120,0,60,0,0,0,0
0,14,140,140,353,0,0,0,0,0,133,0,132,705,510.2121,256,449,705,507.3383,128,577,0,0,25,500.56,0,0,0,0,sinkhole,0,0,0,0,control,0,16,13,8.125,723,501.375,128,595,16,0,0,0,0,0,40371,2467,1092,178,SH_CONTROL_N16_SEED456789,456789,0,0,0,0,0,722,519.6667,256,466,0,sinkhole:control:456789,165,0,0,0,15,4,4,2.8667,1,7,16,15,0,0,16,180,0,120,0,0,0,0
0,4,40,40,339,0,0,0,0,0,39,0,39,674,455.8462,256,418,674,455.8462,256,418,0,0,14,496.4286,0,0,0,0,sinkhole,0,0,0,0,control,0,16,13,8.125,674,485.75,128,546,16,0,0,0,0,0,38137,2348,1043,169,SH_CONTROL_N16_SEED456789,456789,0,0,0,0,0,690,515.876,256,434,0,sinkhole:control:456789,166,0,0,0,15,4,4,2.8667,1,7,14,11,0,0,16,240,0,180,0,0,0,0
0,10,100,100,331,0,0,0,0,0,102,0,101,660,517.8713,384,276,660,514.049,128,532,0,0,19,491.9474,0,0,0,0,sinkhole,0,0,0,0,control,0,16,13,8.125,656,480.125,128,528,16,0,0,0,0,1,37550,2259,1021,166,SH_CONTROL_N16_SEED456789,456789,0,0,0,0,0,690,508.5194,256,434,0,sinkhole:control:456789,167,0,0,0,15,4,4,2.8667,1,7,15,13,0,0,16,300,0,240,0,0,0,0
0,10,100,100,340,0,0,0,0,0,27,0,27,666,598.7407,384,282,666,598.7407,384,282,0,0,15,555.7333,0,0,0,0,sinkhole,0,0,0,0,control,0,16,13,8.125,665,477.0625,128,537,16,0,0,0,0,1,38185,2328,1047,169,SH_CONTROL_N16_SEED456789,456789,0,0,0,0,0,666,505.6279,256,410,0,sinkhole:control:456789,168,0,0,0,15,4,4,2.8667,1,7,14,12,0,0,16,360,0,300,0,0,0,0
0,4,40,40,336,0,0,0,0,0,14,0,13,658,515.7692,384,274,658,488.0714,128,530,0,0,14,488.0714,0,0,0,0,sinkhole,0,0,0,0,control,0,16,13,8.125,660,476.75,128,532,16,0,0,0,0,1,37730,2278,1038,173,SH_CONTROL_N16_SEED456789,456789,0,0,0,0,0,666,505.2171,256,410,0,sinkhole:control:456789,169,0,0,0,15,4,4,2.8667,1,7,11,13,0,0,16,420,0,360,0,0,0,0
0,14,140,140,339,0,0,0,0,0,68,0,68,658,504.4118,256,402,658,504.4118,256,402,0,0,20,508.2,0,0,0,0,sinkhole,0,0,0,0,control,0,16,13,8.125,658,476.125,128,530,16,0,0,0,0,1,38526,2336,1049,170,SH_CONTROL_N16_SEED456789,456789,0,0,0,0,0,666,502.6124,256,410,0,sinkhole:control:456789,170,0,0,0,15,4,4,2.8667,1,7,16,15,0,0,16,480,0,420,0,0,0,0
0,3,29,30,330,0,0,0,0,0,47,0,47,646,515.234,384,262,646,515.234,384,262,0,0,12,524.6667,0,0,0,0,sinkhole,0,0,0,0,control,0,16,13,8.125,646,473.625,128,518,16,0,0,0,0,1,36825,2255,1014,165,SH_CONTROL_N16_SEED456789,456789,0,0,0,0,0,660,500.4496,256,404,0,sinkhole:control:456789,171,0,0,0,15,4,4,2.8667,1,7,15,12,0,0,16,540,0,480,0,0,0,0
0,0,0,0,176,0,0,0,15,30,337,0,333,65535,12664.4505,271,65264,65535,12515.6499,128,65407,0,0,99,41231.9899,0,0,45,15,sinkhole,0,0,0,0,control,15,16,4,2.4,901,681.7333,338,563,15,15,15,14,1,0,26793,1311,591,84,SH_CONTROL_N16_SEED567890,567890,0,0,0,0,0,837,619.3465,271,566,0,sinkhole:control:567890,172,0,0,0,0,0,0,0.0,0,0,16,16,0,7,16,60,0,0,0,0,0,0
0,0,0,0,336,0,0,0,0,0,302,0,301,829,605.8173,256,573,829,604.2351,128,701,0,0,41,582.4634,0,0,0,0,sinkhole,0,0,0,0,control,0,16,12,8.0,837,578.75,128,709,16,0,0,0,0,0,39820,2186,1056,169,SH_CONTROL_N16_SEED567890,567890,0,0,0,0,0,711,543.9225,256,455,0,sinkhole:control:567890,173,0,0,0,15,4,4,2.8667,1,7,16,16,0,0,16,120,0,60,0,0,0,0
0,14,140,140,338,0,0,0,0,0,139,0,139,691,520.9209,256,435,691,520.9209,256,435,0,0,25,541.44,0,0,0,0,sinkhole,0,0,0,0,control,0,16,13,8.125,705,507.5625,128,577,16,0,0,0,0,0,38794,2142,1053,169,SH_CONTROL_N16_SEED567890,567890,0,0,0,0,0,669,516.031,256,413,0,sinkhole:control:567890,174,0,0,0,15,4,4,2.8667,1,7,16,15,0,0,16,180,0,120,0,0,0,0
0,4,40,40,344,0,0,0,0,0,30,0,29,656,446.4828,384,272,656,435.8667,128,528,0,0,16,481.25,0,0,0,0,sinkhole,0,0,0,0,control,0,16,13,8.125,666,484.875,128,538,16,0,0,0,0,0,38466,2164,1055,171,SH_CONTROL_N16_SEED567890,567890,0,0,0,0,0,669,515.1705,256,413,0,sinkhole:control:567890,175,0,0,0,15,4,4,2.8667,1,7,11,14,0,0,16,240,0,180,0,0,0,0
0,10,100,100,339,0,0,0,0,0,119,0,119,649,514.0336,256,393,649,514.0336,256,393,0,0,26,514.0385,0,0,0,0,sinkhole,0,0,0,0,control,0,16,13,8.125,652,480.3125,128,524,16,0,0,0,0,1,39484,2180,1069,170,SH_CONTROL_N16_SEED567890,567890,0,0,0,0,0,662,506.2248,256,406,0,sinkhole:control:567890,176,0,0,0,15,4,4,2.8667,1,7,16,15,0,0,16,300,0,240,0,0,0,0
0,13,130,130,339,0,0,0,0,0,17,0,17,642,589.0,384,258,642,589.0,384,258,0,0,10,552.1,0,0,0,0,sinkhole,0,0,0,0,control,0,16,13,8.125,645,475.8125,128,517,16,0,0,0,0,1,37680,2129,1040,171,SH_CONTROL_N16_SEED567890,567890,0,0,0,0,0,649,504.938,256,393,0,sinkhole:control:567890,177,0,0,0,15,4,4,2.8667,1,7,11,10,0,0,16,360,0,300,0,0,0,0
0,1,10,10,335,0,0,0,0,0,8,0,8,649,515.75,384,265,649,515.75,384,265,0,0,8,515.75,0,0,0,0,sinkhole,0,0,0,0,control,0,16,13,8.125,650,475.1875,128,522,16,0,0,0,0,1,36941,2067,1022,170,SH_CONTROL_N16_SEED567890,567890,0,0,0,0,0,649,504.7519,256,393,0,sinkhole:control:567890,178,0,0,0,15,4,4,2.8667,1,7,5,8,0,0,16,420,0,360,0,0,0,0
0,14,140,140,340,0,0,0,0,0,84,0,83,648,475.6145,256,392,648,471.4762,128,520,0,0,23,481.4783,0,0,0,0,sinkhole,0,0,0,0,control,0,16,13,8.125,656,473.875,128,528,16,0,0,0,0,1,39293,2165,1065,171,SH_CONTROL_N16_SEED567890,567890,0,0,0,0,0,649,502.9922,256,393,0,sinkhole:control:567890,179,0,0,0,15,4,4,2.8667,1,7,16,16,0,0,16,480,0,420,0,0,0,0
0,4,40,40,346,0,0,0,0,0,56,0,56,640,525.3214,384,256,640,525.3214,384,256,0,0,15,514.2667,0,0,0,0,sinkhole,0,0,0,0,control,0,16,13,8.125,647,474.25,128,519,16,0,0,0,0,1,38749,2149,1062,174,SH_CONTROL_N16_SEED567890,567890,0,0,0,0,0,649,500.9922,256,393,0,sinkhole:control:567890,180,0,0,0,15,4,4,2.8667,1,7,15,12,0,0,16,540,0,480,0,0,0,0
0,0,0,0,188,1,0,0,0,1,33,0,29,65535,36379.931,456,65079,65535,31985.7576,128,65407,0,0,8,32919.75,0,0,2,0,sybil,0,0,0,0,attack,1,16,1,1.0,338,338.0,338,0,1,1,1,0,1,0,27507,1290,623,90,SYBIL_ATTACK_N16_SEED123456,123456,0,0,0,0,0,500,471.0,456,44,0,sybil:attack:123456,181,0,0,0,0,0,0,0.0,0,0,1,5,0,1,16,60,0,0,0,0,0,0
0,0,0,0,337,1,0,0,0,0,8,0,7,449,414.7143,384,65,449,378.875,128,321,0,0,1,256.0,0,0,0,0,sybil,0,0,0,0,attack,0,16,5,5.0,256,256.0,256,0,1,0,0,0,0,0,40249,2128,1069,171,SYBIL_ATTACK_N16_SEED123456,123456,0,0,0,0,0,449,413.0,384,65,0,sybil:attack:123456,182,0,0,0,0,0,0,0.0,0,0,1,5,0,0,16,120,0,60,0,0,0,0
0,14,140,140,337,1,0,0,0,0,4,0,4,406,394.25,384,22,406,394.25,384,22,0,0,1,256.0,0,0,0,0,sybil,0,0,0,0,attack,0,16,5,5.0,256,256.0,256,0,1,0,0,0,0,0,38768,2088,1046,172,SYBIL_ATTACK_N16_SEED123456,123456,0,0,0,0,0,406,394.25,384,22,0,sybil:attack:123456,183,0,0,0,0,0,0,0.0,0,0,1,4,0,0,16,180,0,120,0,0,0,0
0,4,40,40,333,1,0,0,0,0,1,0,0,0.0,0.0,0.0,0.0,128,128.0,128,0,0,0,1,256.0,0,0,0,0,sybil,0,0,0,0,attack,0,16,5,5.0,256,256.0,256,0,1,0,0,0,0,0,37392,2001,1029,168,SYBIL_ATTACK_N16_SEED123456,123456,0,0,0,0,0,406,394.25,384,22,0,sybil:attack:123456,184,0,0,0,0,0,0,0.0,0,0,1,1,0,0,16,240,0,180,0,0,0,0
0,10,98,100,362,1,0,0,0,0,4,0,4,386,384.75,384,2,386,384.75,384,2,0,0,29,256.0,0,0,0,0,sybil,0,0,0,0,attack,0,16,5,5.0,256,256.0,256,0,1,0,0,0,0,1,41456,2095,1068,167,SYBIL_ATTACK_N16_SEED123456,123456,0,0,0,0,0,386,384.75,384,2,0,sybil:attack:123456,185,1,29,29,0,0,0,0.0,0,0,1,4,0,0,16,300,1,240,0,0,0,0
0,13,130,130,370,1,0,0,0,0,0,0,0,0.0,0.0,0.0,0.0,0.0,0.0,0.0,0.0,0,0,30,256.0,0,0,0,0,sybil,0,0,0,0,attack,0,16,5,5.0,256,256.0,256,0,1,0,0,0,0,1,41278,2110,1077,174,SYBIL_ATTACK_N16_SEED123456,123456,0,0,0,0,0,386,384.75,384,2,0,sybil:attack:123456,186,0,30,30,0,0,0,0.0,0,0,0,0,0,0,16,360,1,300,0,0,0,0
0,1,10,10,365,1,0,0,0,0,0,0,0,0.0,0.0,0.0,0.0,0.0,0.0,0.0,0.0,0,0,30,256.0,0,0,0,0,sybil,0,0,0,0,attack,0,16,5,5.0,256,256.0,256,0,1,0,0,0,0,1,40778,2082,1064,171,SYBIL_ATTACK_N16_SEED123456,123456,0,0,0,0,0,386,384.75,384,2,0,sybil:attack:123456,187,0,30,30,0,0,0,0.0,0,0,0,0,0,0,16,420,1,360,0,0,0,0
0,14,140,140,366,1,0,0,0,0,2,0,2,384,384.0,384,0,384,384.0,384,0,0,0,31,256.0,0,0,0,0,sybil,0,0,0,0,attack,0,16,5,5.0,256,256.0,256,0,1,0,0,0,0,1,40995,2071,1063,169,SYBIL_ATTACK_N16_SEED123456,123456,0,0,0,0,0,385,384.25,384,1,0,sybil:attack:123456,188,0,30,31,0,0,0,0.0,0,0,1,2,0,0,16,480,1,420,0,0,0,0
0,3,30,30,366,1,0,0,0,0,2,0,1,384,384.0,384,0,384,256.0,128,256,0,0,30,256.0,0,0,0,0,sybil,0,0,0,0,attack,0,16,5,5.0,256,256.0,256,0,1,0,0,0,0,1,40838,2084,1063,170,SYBIL_ATTACK_N16_SEED123456,123456,0,0,0,0,0,385,384.25,384,1,0,sybil:attack:123456,189,0,30,30,0,0,0,0.0,0,0,1,2,0,0,16,540,1,480,0,0,0,0
0,0,0,0,184,1,0,0,0,1,34,0,30,65535,35180.9333,442,65093,65535,31057.0588,128,65407,0,0,8,32917.0,0,0,1,0,sybil,0,0,0,0,attack,1,16,1,1.0,338,338.0,338,0,1,1,1,0,1,0,27199,1316,611,88,SYBIL_ATTACK_N16_SEED234567,234567,0,0,0,0,0,488,463.25,442,46,0,sybil:attack:234567,190,0,0,0,0,0,0,0.0,0,0,1,5,0,1,16,60,0,0,0,0,0,0
0,0,0,0,342,1,0,0,0,0,7,0,7,429,408.1429,384,45,429,408.1429,384,45,0,0,1,256.0,0,0,0,0,sybil,0,0,0,0,attack,0,16,5,5.0,256,256.0,256,0,1,0,0,0,0,0,40168,2230,1073,170,SYBIL_ATTACK_N16_SEED234567,234567,0,0,0,0,0,424,405.75,384,40,0,sybil:attack:234567,191,0,0,0,0,0,0,0.0,0,0,1,4,0,0,16,120,0,60,0,0,0,0
0,14,140,140,343,1,0,0,0,0,4,0,3,409,394.0,384,25,409,327.5,128,281,0,0,1,256.0,0,0,0,0,sybil,0,0,0,0,attack,0,16,5,5.0,256,256.0,256,0,1,0,0,0,0,0,39625,2230,1072,175,SYBIL_ATTACK_N16_SEED234567,234567,0,0,0,0,0,409,397.0,384,25,0,sybil:attack:234567,192,0,0,0,0,0,0,0.0,0,0,1,4,0,0,16,180,0,120,0,0,0,0
0,6,60,60,337,1,0,0,0,0,2,0,1,390,390.0,390,0,390,259.0,128,262,0,0,0,0.0,0,0,0,0,sybil,0,0,0,0,attack,0,16,5,5.0,256,256.0,256,0,1,0,0,0,0,0,37414,2100,1031,171,SYBIL_ATTACK_N16_SEED234567,234567,0,0,0,0,0,409,398.5,389,20,0,sybil:attack:234567,193,0,0,0,0,0,0,0.0,0,0,1,2,0,0,16,240,0,180,0,0,0,0
0,8,80,80,364,1,0,0,0,0,3,0,3,388,385.3333,384,4,388,385.3333,384,4,0,0,30,256.0,0,0,0,0,sybil,0,0,0,0,attack,0,16,5,5.0,256,256.0,256,0,1,0,0,0,0,1,41898,2218,1077,166,SYBIL_ATTACK_N16_SEED234567,234567,0,0,0,0,0,390,386.5,384,6,0,sybil:attack:234567,194,1,29,30,0,0,0,0.0,0,0,1,3,0,0,16,300,1,240,0,0,0,0
0,12,119,120,359,1,0,0,0,0,0,0,0,0.0,0.0,0.0,0.0,0.0,0.0,0.0,0.0,0,0,30,256.0,0,0,0,0,sybil,0,0,0,0,attack,0,16,5,5.0,256,256.0,256,0,1,0,0,0,0,1,39896,2167,1040,165,SYBIL_ATTACK_N16_SEED234567,234567,0,0,0,0,0,390,386.5,384,6,0,sybil:attack:234567,195,0,30,30,0,0,0,0.0,0,0,0,0,0,0,16,360,1,300,0,0,0,0
0,2,20,20,366,1,0,0,0,0,1,0,0,0.0,0.0,0.0,0.0,128,128.0,128,0,0,0,30,256.0,0,0,0,0,sybil,0,0,0,0,attack,0,16,5,5.0,256,256.0,256,0,1,0,0,0,0,1,40989,2200,1071,172,SYBIL_ATTACK_N16_SEED234567,234567,0,0,0,0,0,390,386.5,384,6,0,sybil:attack:234567,196,0,30,30,0,0,0,0.0,0,0,1,1,0,0,16,420,1,360,0,0,0,0
0,14,140,140,368,1,0,0,0,0,3,0,3,388,385.3333,384,4,388,385.3333,384,4,0,0,31,256.0,0,0,0,0,sybil,0,0,0,0,attack,0,16,5,5.0,256,256.0,256,0,1,0,0,0,0,1,41089,2194,1065,169,SYBIL_ATTACK_N16_SEED234567,234567,0,0,0,0,0,388,385.0,384,4,0,sybil:attack:234567,197,0,30,31,0,0,0,0.0,0,0,1,3,0,0,16,480,1,420,0,0,0,0
0,6,60,60,372,1,0,0,0,0,1,0,1,384,384.0,384,0,384,384.0,384,0,0,0,30,256.0,0,0,0,0,sybil,0,0,0,0,attack,0,16,5,5.0,256,256.0,256,0,1,0,0,0,0,1,41988,2243,1088,170,SYBIL_ATTACK_N16_SEED234567,234567,0,0,0,0,0,388,385.0,384,4,0,sybil:attack:234567,198,0,30,30,0,0,0,0.0,0,0,1,1,0,0,16,540,1,480,0,0,0,0
0,0,0,0,178,1,0,0,0,1,34,0,30,65535,35177.6,437,65098,65535,31054.1176,128,65407,0,0,8,32923.375,0,0,1,0,sybil,0,0,0,0,attack,1,16,1,1.0,338,338.0,338,0,1,1,1,0,1,0,26481,1300,596,87,SYBIL_ATTACK_N16_SEED345678,345678,0,0,0,0,0,479,454.75,437,42,0,sybil:attack:345678,199,0,0,0,0,0,0,0.0,0,0,1,5,0,1,16,60,0,0,0,0,0,0
0,0,0,0,342,1,0,0,0,0,8,0,7,472,419.2857,388,84,472,382.875,128,344,0,0,1,256.0,0,0,0,0,sybil,0,0,0,0,attack,0,16,5,5.0,256,256.0,256,0,1,0,0,0,0,0,40361,2250,1074,172,SYBIL_ATTACK_N16_SEED345678,345678,0,0,0,0,0,429,402.0,388,41,0,sybil:attack:345678,200,0,0,0,0,0,0,0.0,0,0,1,5,0,0,16,120,0,60,0,0,0,0
0,14,139,140,336,1,0,0,0,0,3,0,3,409,393.3333,384,25,409,393.3333,384,25,0,0,1,256.0,0,0,0,0,sybil,0,0,0,0,attack,0,16,5,5.0,256,256.0,256,0,1,0,0,0,0,0,39044,2212,1054,170,SYBIL_ATTACK_N16_SEED345678,345678,0,0,0,0,0,409,392.0,384,25,0,sybil:attack:345678,201,0,0,0,0,0,0,0.0,0,0,1,3,0,0,16,180,0,120,0,0,0,0
0,4,40,40,338,1,0,0,0,0,1,0,0,0.0,0.0,0.0,0.0,128,128.0,128,0,0,0,1,256.0,0,0,0,0,sybil,0,0,0,0,attack,0,16,5,5.0,256,256.0,256,0,1,0,0,0,0,0,38894,2266,1050,174,SYBIL_ATTACK_N16_SEED345678,345678,0,0,0,0,0,409,392.0,384,25,0,sybil:attack:345678,202,0,0,0,0,0,0,0.0,0,0,1,1,0,0,16,240,0,180,0,0,0,0
0,10,100,100,380,1,0,0,0,0,4,0,4,388,385.0,384,4,388,385.0,384,4,0,0,29,256.0,0,0,0,0,sybil,0,0,0,0,attack,0,16,5,5.0,256,256.0,256,0,1,0,0,0,0,1,43095,2328,1115,175,SYBIL_ATTACK_N16_SEED345678,345678,0,0,0,0,0,388,385.0,384,4,0,sybil:attack:345678,203,1,29,29,0,0,0,0.0,0,0,1,4,0,0,16,300,1,240,0,0,0,0
0,12,120,120,370,1,0,0,0,0,0,0,0,0.0,0.0,0.0,0.0,0.0,0.0,0.0,0.0,0,0,30,256.0,0,0,0,0,sybil,0,0,0,0,attack,0,16,5,5.0,256,256.0,256,0,1,0,0,0,0,1,41474,2295,1082,170,SYBIL_ATTACK_N16_SEED345678,345678,0,0,0,0,0,388,385.0,384,4,0,sybil:attack:345678,204,0,30,30,0,0,0,0.0,0,0,0,0,0,0,16,360,1,300,0,0,0,0
0,2,20,20,362,1,0,0,0,0,0,0,0,0.0,0.0,0.0,0.0,0.0,0.0,0.0,0.0,0,0,30,256.0,0,0,0,0,sybil,0,0,0,0,attack,0,16,5,5.0,256,256.0,256,0,1,0,0,0,0,1,40359,2193,1055,167,SYBIL_ATTACK_N16_SEED345678,345678,0,0,0,0,0,388,385.0,384,4,0,sybil:attack:345678,205,0,30,30,0,0,0,0.0,0,0,0,0,0,0,16,420,1,360,0,0,0,0
0,14,140,140,365,1,0,0,0,0,1,0,1,384,384.0,384,0,384,384.0,384,0,0,0,31,256.0,0,0,0,0,sybil,0,0,0,0,attack,0,16,5,5.0,256,256.0,256,0,1,0,0,0,0,1,40557,2183,1057,168,SYBIL_ATTACK_N16_SEED345678,345678,0,0,0,0,0,388,385.0,384,4,0,sybil:attack:345678,206,0,30,31,0,0,0,0.0,0,0,1,1,0,0,16,480,1,420,0,0,0,0
0,5,48,50,369,1,0,0,0,0,3,0,2,384,384.0,384,0,384,298.6667,128,256,0,0,30,256.0,0,0,0,0,sybil,0,0,0,0,attack,0,16,5,5.0,256,256.0,256,0,1,0,0,0,0,1,41591,2230,1080,170,SYBIL_ATTACK_N16_SEED345678,345678,0,0,0,0,0,384,384.0,384,0,0,sybil:attack:345678,207,0,30,30,0,0,0,0.0,0,0,1,3,0,0,16,540,1,480,0,0,0,0
0,0,0,0,162,1,0,0,0,1,32,0,28,65535,37663.6071,465,65070,65535,32971.6562,128,65407,0,0,7,37585.0,0,0,0,0,sybil,0,0,0,0,attack,1,16,1,1.0,338,338.0,338,0,1,1,1,0,1,0,24301,1226,537,81,SYBIL_ATTACK_N16_SEED456789,456789,0,0,0,0,0,482,474.25,465,17,0,sybil:attack:456789,208,0,0,0,0,0,0,0.0,0,0,1,5,0,1,16,60,0,0,0,0,0,0
0,0,0,0,340,1,0,0,0,0,4,0,4,420,404.25,385,35,420,404.25,385,35,0,0,1,256.0,0,0,0,0,sybil,0,0,0,0,attack,0,16,5,5.0,256,256.0,256,0,1,0,0,0,0,0,40683,2392,1080,172,SYBIL_ATTACK_N16_SEED456789,456789,0,0,0,0,0,420,404.25,385,35,0,sybil:attack:456789,209,0,0,0,0,0,0,0.0,0,0,1,4,0,0,16,120,0,60,0,0,0,0
0,14,140,140,353,1,0,0,0,0,5,0,4,401,394.0,384,17,401,340.8,128,273,0,0,1,256.0,0,0,0,0,sybil,0,0,0,0,attack,0,16,5,5.0,256,256.0,256,0,1,0,0,0,0,0,40371,2467,1092,178,SYBIL_ATTACK_N16_SEED456789,456789,0,0,0,0,0,401,394.0,384,17,0,sybil:attack:456789,210,0,0,0,0,0,0,0.0,0,0,1,5,0,0,16,180,0,120,0,0,0,0
0,4,40,40,339,1,0,0,0,0,2,0,2,384,384.0,384,0,384,384.0,384,0,0,0,1,256.0,0,0,0,0,sybil,0,0,0,0,attack,0,16,5,5.0,256,256.0,256,0,1,0,0,0,0,0,38137,2348,1043,169,SYBIL_ATTACK_N16_SEED456789,456789,0,0,0,0,0,401,391.75,384,17,0,sybil:attack:456789,211,0,0,0,0,0,0,0.0,0,0,1,2,0,0,16,240,0,180,0,0,0,0
0,10,100,100,359,1,0,0,0,0,3,0,2,396,392.0,388,8,396,304.0,128,268,0,0,29,256.0,0,0,0,0,sybil,0,0,0,0,attack,0,16,5,5.0,256,256.0,256,0,1,0,0,0,0,1,40787,2324,1048,166,SYBIL_ATTACK_N16_SEED456789,456789,0,0,0,0,0,396,388.0,384,12,0,sybil:attack:456789,212,1,29,29,0,0,0,0.0,0,0,1,3,0,0,16,300,1,240,0,0,0,0
0,10,99,100,369,1,0,0,0,0,0,0,0,0.0,0.0,0.0,0.0,0.0,0.0,0.0,0.0,0,0,30,256.7333,0,0,0,0,sybil,0,0,0,0,attack,0,16,5,5.0,256,256.0,256,0,1,0,0,0,0,1,41547,2420,1081,170,SYBIL_ATTACK_N16_SEED456789,456789,0,0,0,0,0,396,388.0,384,12,0,sybil:attack:456789,213,0,30,30,0,0,0,0.0,0,0,0,0,0,0,16,360,1,300,0,0,0,0
0,4,40,40,358,1,0,0,0,0,0,0,0,0.0,0.0,0.0,0.0,0.0,0.0,0.0,0.0,0,0,30,256.0,0,0,0,0,sybil,0,0,0,0,attack,0,16,5,5.0,256,256.0,256,0,1,0,0,0,0,1,39599,2267,1039,166,SYBIL_ATTACK_N16_SEED456789,456789,0,0,0,0,0,396,388.0,384,12,0,sybil:attack:456789,214,0,30,30,0,0,0,0.0,0,0,0,0,0,0,16,420,1,360,0,0,0,0
0,14,140,140,368,1,0,0,0,0,1,0,1,384,384.0,384,0,384,384.0,384,0,0,0,31,256.0,0,0,0,0,sybil,0,0,0,0,attack,0,16,5,5.0,256,256.0,256,0,1,0,0,0,0,1,41611,2414,1077,169,SYBIL_ATTACK_N16_SEED456789,456789,0,0,0,0,0,396,388.0,384,12,0,sybil:attack:456789,215,0,30,31,0,0,0,0.0,0,0,1,1,0,0,16,480,1,420,0,0,0,0
0,3,30,30,369,1,0,0,0,0,3,0,2,384,384.0,384,0,384,298.6667,128,256,0,0,30,256.0,0,0,0,0,sybil,0,0,0,0,attack,0,16,5,5.0,256,256.0,256,0,1,0,0,0,0,1,41773,2417,1083,170,SYBIL_ATTACK_N16_SEED456789,456789,0,0,0,0,0,388,385.0,384,4,0,sybil:attack:456789,216,0,30,30,0,0,0,0.0,0,0,1,3,0,0,16,540,1,480,0,0,0,0
0,0,0,0,176,1,0,0,0,1,34,0,30,65535,35179.7,435,65100,65535,31055.9706,128,65407,0,0,9,29298.8889,0,0,2,0,sybil,0,0,0,0,attack,1,16,1,1.0,338,338.0,338,0,1,1,1,0,1,0,26793,1311,591,84,SYBIL_ATTACK_N16_SEED567890,567890,0,0,0,0,0,469,453.0,435,34,0,sybil:attack:567890,217,0,0,0,0,0,0,0.0,0,0,1,5,0,1,16,60,0,0,0,0,0,0
0,0,0,0,336,1,0,0,0,0,8,0,7,462,425.2857,384,78,462,388.125,128,334,0,0,1,256.0,0,0,0,0,sybil,0,0,0,0,attack,0,16,5,5.0,256,256.0,256,0,1,0,0,0,0,0,39820,2186,1056,169,SYBIL_ATTACK_N16_SEED567890,567890,0,0,0,0,0,435,410.0,384,51,0,sybil:attack:567890,218,0,0,0,0,0,0,0.0,0,0,1,5,0,0,16,120,0,60,0,0,0,0
0,14,140,140,338,1,0,0,0,0,4,0,4,412,392.25,384,28,412,392.25,384,28,0,0,1,256.0,0,0,0,0,sybil,0,0,0,0,attack,0,16,5,5.0,256,256.0,256,0,1,0,0,0,0,0,38794,2142,1053,169,SYBIL_ATTACK_N16_SEED567890,567890,0,0,0,0,0,412,392.25,384,28,0,sybil:attack:567890,219,0,0,0,0,0,0,0.0,0,0,1,4,0,0,16,180,0,120,0,0,0,0
0,4,40,40,344,1,0,0,0,0,3,0,2,384,384.0,384,0,384,298.6667,128,256,0,0,0,0.0,0,0,0,0,sybil,0,0,0,0,attack,0,16,5,5.0,256,256.0,256,0,1,0,0,0,0,0,38466,2164,1055,171,SYBIL_ATTACK_N16_SEED567890,567890,0,0,0,0,0,412,392.25,384,28,0,sybil:attack:567890,220,0,0,0,0,0,0,0.0,0,0,1,3,0,0,16,240,0,180,0,0,0,0
0,10,100,100,362,1,0,0,0,0,2,0,2,391,387.5,384,7,391,387.5,384,7,0,0,30,256.0,0,0,0,0,sybil,0,0,0,0,attack,0,16,5,5.0,256,256.0,256,0,1,0,0,0,0,1,42422,2225,1088,170,SYBIL_ATTACK_N16_SEED567890,567890,0,0,0,0,0,391,385.75,384,7,0,sybil:attack:567890,221,1,29,30,0,0,0,0.0,0,0,1,2,0,0,16,300,1,240,0,0,0,0
0,13,130,130,372,1,0,0,0,0,0,0,0,0.0,0.0,0.0,0.0,0.0,0.0,0.0,0.0,0,0,30,256.0,0,0,0,0,sybil,0,0,0,0,attack,0,16,5,5.0,256,256.0,256,0,1,0,0,0,0,1,41320,2213,1079,175,SYBIL_ATTACK_N16_SEED567890,567890,0,0,0,0,0,391,385.75,384,7,0,sybil:attack:567890,222,0,30,30,0,0,0,0.0,0,0,0,0,0,0,16,360,1,300,0,0,0,0
0,1,10,10,362,1,0,0,0,0,1,0,0,0.0,0.0,0.0,0.0,128,128.0,128,0,0,0,30,256.0,0,0,0,0,sybil,0,0,0,0,attack,0,16,5,5.0,256,256.0,256,0,1,0,0,0,0,1,39593,2097,1040,167,SYBIL_ATTACK_N16_SEED567890,567890,0,0,0,0,0,391,385.75,384,7,0,sybil:attack:567890,223,0,30,30,0,0,0,0.0,0,0,1,1,0,0,16,420,1,360,0,0,0,0
0,14,139,140,365,1,0,0,0,0,1,0,1,384,384.0,384,0,384,384.0,384,0,0,0,31,256.0,0,0,0,0,sybil,0,0,0,0,attack,0,16,5,5.0,256,256.0,256,0,1,0,0,0,0,1,41177,2168,1069,166,SYBIL_ATTACK_N16_SEED567890,567890,0,0,0,0,0,391,385.75,384,7,0,sybil:attack:567890,224,0,30,31,0,0,0,0.0,0,0,1,1,0,0,16,480,1,420,0,0,0,0
0,3,30,30,382,1,0,0,0,0,3,0,3,384,384.0,384,0,384,384.0,384,0,0,0,30,256.0,0,0,0,0,sybil,0,0,0,0,attack,0,16,5,5.0,256,256.0,256,0,1,0,0,0,0,1,42691,2262,1114,175,SYBIL_ATTACK_N16_SEED567890,567890,0,0,0,0,0,384,384.0,384,0,0,sybil:attack:567890,225,0,30,30,0,0,0,0.0,0,0,1,3,0,0,16,540,1,480,0,0,0,0
0,0,0,0,188,0,0,0,0,1,33,0,29,65535,36379.931,456,65079,65535,31985.7576,128,65407,0,0,8,32919.75,0,0,2,0,sybil,0,0,0,0,control,1,16,1,1.0,338,338.0,338,0,1,1,1,0,1,0,27507,1290,623,90,SYBIL_CONTROL_N16_SEED123456,123456,0,0,0,0,0,500,471.0,456,44,0,sybil:control:123456,226,0,0,0,0,0,0,0.0,0,0,1,5,0,1,16,60,0,0,0,0,0,0
0,0,0,0,337,0,0,0,0,0,8,0,7,449,414.7143,384,65,449,378.875,128,321,0,0,1,256.0,0,0,0,0,sybil,0,0,0,0,control,0,16,5,5.0,256,256.0,256,0,1,0,0,0,0,0,40249,2128,1069,171,SYBIL_CONTROL_N16_SEED123456,123456,0,0,0,0,0,449,413.0,384,65,0,sybil:control:123456,227,0,0,0,0,0,0,0.0,0,0,1,5,0,0,16,120,0,60,0,0,0,0
0,14,140,140,337,0,0,0,0,0,4,0,4,406,394.25,384,22,406,394.25,384,22,0,0,1,256.0,0,0,0,0,sybil,0,0,0,0,control,0,16,5,5.0,256,256.0,256,0,1,0,0,0,0,0,38768,2088,1046,172,SYBIL_CONTROL_N16_SEED123456,123456,0,0,0,0,0,406,394.25,384,22,0,sybil:control:123456,228,0,0,0,0,0,0,0.0,0,0,1,4,0,0,16,180,0,120,0,0,0,0
0,4,40,40,333,0,0,0,0,0,1,0,0,0.0,0.0,0.0,0.0,128,128.0,128,0,0,0,1,256.0,0,0,0,0,sybil,0,0,0,0,control,0,16,5,5.0,256,256.0,256,0,1,0,0,0,0,0,37392,2001,1029,168,SYBIL_CONTROL_N16_SEED123456,123456,0,0,0,0,0,406,394.25,384,22,0,sybil:control:123456,229,0,0,0,0,0,0,0.0,0,0,1,1,0,0,16,240,0,180,0,0,0,0
0,10,98,100,332,0,0,0,0,0,4,0,4,386,384.75,384,2,386,384.75,384,2,0,0,0,0.0,0,0,0,0,sybil,0,0,0,0,control,0,16,5,5.0,256,256.0,256,0,1,0,0,0,0,1,38317,2029,1036,167,SYBIL_CONTROL_N16_SEED123456,123456,0,0,0,0,0,386,384.75,384,2,0,sybil:control:123456,230,0,0,0,0,0,0,0.0,0,0,1,4,0,0,16,300,0,240,0,0,0,0
0,13,130,130,337,0,0,0,0,0,0,0,0,0.0,0.0,0.0,0.0,0.0,0.0,0.0,0.0,0,0,0,0.0,0,0,0,0,sybil,0,0,0,0,control,0,16,5,5.0,256,256.0,256,0,1,0,0,0,0,1,37480,2027,1036,169,SYBIL_CONTROL_N16_SEED123456,123456,0,0,0,0,0,386,384.75,384,2,0,sybil:control:123456,231,0,0,0,0,0,0,0.0,0,0,0,0,0,0,16,360,0,300,0,0,0,0
0,1,10,10,343,0,0,0,0,0,0,0,0,0.0,0.0,0.0,0.0,0.0,0.0,0.0,0.0,0,0,0,0.0,0,0,0,0,sybil,0,0,0,0,control,0,16,5,5.0,256,256.0,256,0,1,0,0,0,0,1,38271,2076,1054,173,SYBIL_CONTROL_N16_SEED123456,123456,0,0,0,0,0,386,384.75,384,2,0,sybil:control:123456,232,0,0,0,0,0,0,0.0,0,0,0,0,0,0,16,420,0,360,0,0,0,0
0,14,140,140,338,0,0,0,0,0,2,0,1,384,384.0,384,0,384,256.0,128,256,0,0,1,256.0,0,0,0,0,sybil,0,0,0,0,control,0,16,5,5.0,256,256.0,256,0,1,0,0,0,0,1,38190,2041,1034,169,SYBIL_CONTROL_N16_SEED123456,123456,0,0,0,0,0,385,384.25,384,1,0,sybil:control:123456,233,0,0,0,0,0,0,0.0,0,0,1,2,0,0,16,480,0,420,0,0,0,0
0,3,30,30,335,0,0,0,0,0,3,0,3,384,384.0,384,0,384,384.0,384,0,0,0,0,0.0,0,0,0,0,sybil,0,0,0,0,control,0,16,5,5.0,256,256.0,256,0,1,0,0,0,0,1,37739,2042,1030,167,SYBIL_CONTROL_N16_SEED123456,123456,0,0,0,0,0,384,384.0,384,0,0,sybil:control:123456,234,0,0,0,0,0,0,0.0,0,0,1,3,0,0,16,540,0,480,0,0,0,0
0,0,0,0,184,0,0,0,0,1,34,0,30,65535,35180.9333,442,65093,65535,31057.0588,128,65407,0,0,8,32917.0,0,0,1,0,sybil,0,0,0,0,control,1,16,1,1.0,338,338.0,338,0,1,1,1,0,1,0,27199,1316,611,88,SYBIL_CONTROL_N16_SEED234567,234567,0,0,0,0,0,488,463.25,442,46,0,sybil:control:234567,235,0,0,0,0,0,0,0.0,0,0,1,5,0,1,16,60,0,0,0,0,0,0
0,0,0,0,342,0,0,0,0,0,7,0,7,429,408.1429,384,45,429,408.1429,384,45,0,0,1,256.0,0,0,0,0,sybil,0,0,0,0,control,0,16,5,5.0,256,256.0,256,0,1,0,0,0,0,0,40168,2230,1073,170,SYBIL_CONTROL_N16_SEED234567,234567,0,0,0,0,0,424,405.75,384,40,0,sybil:control:234567,236,0,0,0,0,0,0,0.0,0,0,1,4,0,0,16,120,0,60,0,0,0,0
0,14,140,140,343,0,0,0,0,0,4,0,3,409,394.0,384,25,409,327.5,128,281,0,0,1,256.0,0,0,0,0,sybil,0,0,0,0,control,0,16,5,5.0,256,256.0,256,0,1,0,0,0,0,0,39625,2230,1072,175,SYBIL_CONTROL_N16_SEED234567,234567,0,0,0,0,0,409,397.0,384,25,0,sybil:control:234567,237,0,0,0,0,0,0,0.0,0,0,1,4,0,0,16,180,0,120,0,0,0,0
0,6,60,60,337,0,0,0,0,0,2,0,1,390,390.0,390,0,390,259.0,128,262,0,0,0,0.0,0,0,0,0,sybil,0,0,0,0,control,0,16,5,5.0,256,256.0,256,0,1,0,0,0,0,0,37414,2100,1031,171,SYBIL_CONTROL_N16_SEED234567,234567,0,0,0,0,0,409,398.5,389,20,0,sybil:control:234567,238,0,0,0,0,0,0,0.0,0,0,1,2,0,0,16,240,0,180,0,0,0,0
0,8,80,80,338,0,0,0,0,0,3,0,3,388,385.3333,384,4,388,385.3333,384,4,0,0,1,256.0,0,0,0,0,sybil,0,0,0,0,control,0,16,5,5.0,256,256.0,256,0,1,0,0,0,0,1,39279,2194,1058,171,SYBIL_CONTROL_N16_SEED234567,234567,0,0,0,0,0,390,386.5,384,6,0,sybil:control:234567,239,0,0,0,0,0,0,0.0,0,0,1,3,0,0,16,300,0,240,0,0,0,0
0,12,120,120,324,0,0,0,0,0,0,0,0,0.0,0.0,0.0,0.0,0.0,0.0,0.0,0.0,0,0,0,0.0,0,0,0,0,sybil,0,0,0,0,control,0,16,5,5.0,256,256.0,256,0,1,0,0,0,0,1,35775,2030,989,165,SYBIL_CONTROL_N16_SEED234567,234567,0,0,0,0,0,390,386.5,384,6,0,sybil:control:234567,240,0,0,0,0,0,0,0.0,0,0,0,0,0,0,16,360,0,300,0,0,0,0
0,2,20,20,338,0,0,0,0,0,0,0,0,0.0,0.0,0.0,0.0,0.0,0.0,0.0,0.0,0,0,0,0.0,0,0,0,0,sybil,0,0,0,0,control,0,16,5,5.0,256,256.0,256,0,1,0,0,0,0,1,38066,2154,1044,169,SYBIL_CONTROL_N16_SEED234567,234567,0,0,0,0,0,390,386.5,384,6,0,sybil:control:234567,241,0,0,0,0,0,0,0.0,0,0,0,0,0,0,16,420,0,360,0,0,0,0
0,14,140,140,340,0,0,0,0,0,4,0,3,394,390.0,384,10,394,324.5,128,266,0,0,0,0.0,0,0,0,0,sybil,0,0,0,0,control,0,16,5,5.0,256,256.0,256,0,1,0,0,0,0,1,38768,2182,1055,174,SYBIL_CONTROL_N16_SEED234567,234567,0,0,0,0,0,394,388.5,384,10,0,sybil:control:234567,242,0,0,0,0,0,0,0.0,0,0,1,4,0,0,16,480,0,420,0,0,0,0
0,6,60,60,347,0,0,0,0,0,1,0,1,384,384.0,384,0,384,384.0,384,0,0,0,1,256.0,0,0,0,0,sybil,0,0,0,0,control,0,16,5,5.0,256,256.0,256,0,1,0,0,0,0,1,39226,2195,1073,172,SYBIL_CONTROL_N16_SEED234567,234567,0,0,0,0,0,394,388.5,384,10,0,sybil:control:234567,243,0,0,0,0,0,0,0.0,0,0,1,1,0,0,16,540,0,480,0,0,0,0
0,0,0,0,178,0,0,0,0,1,34,0,30,65535,35177.6,437,65098,65535,31054.1176,128,65407,0,0,8,32923.375,0,0,1,0,sybil,0,0,0,0,control,1,16,1,1.0,338,338.0,338,0,1,1,1,0,1,0,26481,1300,596,87,SYBIL_CONTROL_N16_SEED345678,345678,0,0,0,0,0,479,454.75,437,42,0,sybil:control:345678,244,0,0,0,0,0,0,0.0,0,0,1,5,0,1,16,60,0,0,0,0,0,0
0,0,0,0,342,0,0,0,0,0,8,0,7,472,419.2857,388,84,472,382.875,128,344,0,0,1,256.0,0,0,0,0,sybil,0,0,0,0,control,0,16,5,5.0,256,256.0,256,0,1,0,0,0,0,0,40361,2250,1074,172,SYBIL_CONTROL_N16_SEED345678,345678,0,0,0,0,0,429,402.0,388,41,0,sybil:control:345678,245,0,0,0,0,0,0,0.0,0,0,1,5,0,0,16,120,0,60,0,0,0,0
0,14,139,140,336,0,0,0,0,0,3,0,3,409,393.3333,384,25,409,393.3333,384,25,0,0,1,256.0,0,0,0,0,sybil,0,0,0,0,control,0,16,5,5.0,256,256.0,256,0,1,0,0,0,0,0,39044,2212,1054,170,SYBIL_CONTROL_N16_SEED345678,345678,0,0,0,0,0,409,392.0,384,25,0,sybil:control:345678,246,0,0,0,0,0,0,0.0,0,0,1,3,0,0,16,180,0,120,0,0,0,0
0,4,40,40,338,0,0,0,0,0,1,0,0,0.0,0.0,0.0,0.0,128,128.0,128,0,0,0,1,256.0,0,0,0,0,sybil,0,0,0,0,control,0,16,5,5.0,256,256.0,256,0,1,0,0,0,0,0,38894,2266,1050,174,SYBIL_CONTROL_N16_SEED345678,345678,0,0,0,0,0,409,392.0,384,25,0,sybil:control:345678,247,0,0,0,0,0,0,0.0,0,0,1,1,0,0,16,240,0,180,0,0,0,0
0,10,100,100,351,0,0,0,0,0,4,0,4,388,385.0,384,4,388,385.0,384,4,0,0,0,0.0,0,0,0,0,sybil,0,0,0,0,control,0,16,5,5.0,256,256.0,256,0,1,0,0,0,0,1,40173,2267,1087,177,SYBIL_CONTROL_N16_SEED345678,345678,0,0,0,0,0,388,385.0,384,4,0,sybil:control:345678,248,0,0,0,0,0,0,0.0,0,0,1,4,0,0,16,300,0,240,0,0,0,0
0,11,110,110,335,0,0,0,0,0,0,0,0,0.0,0.0,0.0,0.0,0.0,0.0,0.0,0.0,0,0,0,0.0,0,0,0,0,sybil,0,0,0,0,control,0,16,5,5.0,256,256.0,256,0,1,0,0,0,0,1,37966,2211,1040,169,SYBIL_CONTROL_N16_SEED345678,345678,0,0,0,0,0,388,385.0,384,4,0,sybil:control:345678,249,0,0,0,0,0,0,0.0,0,0,0,0,0,0,16,360,0,300,0,0,0,0
0,3,30,30,340,0,0,0,0,0,0,0,0,0.0,0.0,0.0,0.0,0.0,0.0,0.0,0.0,0,0,0,0.0,0,0,0,0,sybil,0,0,0,0,control,0,16,5,5.0,256,256.0,256,0,1,0,0,0,0,1,38020,2171,1048,172,SYBIL_CONTROL_N16_SEED345678,345678,0,0,0,0,0,388,385.0,384,4,0,sybil:control:345678,250,0,0,0,0,0,0,0.0,0,0,0,0,0,0,16,420,0,360,0,0,0,0
0,14,140,140,340,0,0,0,0,0,3,0,2,384,384.0,384,0,384,298.6667,128,256,0,0,1,256.0,0,0,0,0,sybil,0,0,0,0,control,0,16,5,5.0,256,256.0,256,0,1,0,0,0,0,1,38334,2170,1045,171,SYBIL_CONTROL_N16_SEED345678,345678,0,0,0,0,0,384,384.0,384,0,0,sybil:control:345678,251,0,0,0,0,0,0,0.0,0,0,1,3,0,0,16,480,0,420,0,0,0,0
0,5,50,50,333,0,0,0,0,0,2,0,2,384,384.0,384,0,384,384.0,384,0,0,0,0,0.0,0,0,0,0,sybil,0,0,0,0,control,0,16,5,5.0,256,256.0,256,0,1,0,0,0,0,1,37821,2141,1031,169,SYBIL_CONTROL_N16_SEED345678,345678,0,0,0,0,0,384,384.0,384,0,0,sybil:control:345678,252,0,0,0,0,0,0,0.0,0,0,1,2,0,0,16,540,0,480,0,0,0,0
0,0,0,0,162,0,0,0,0,1,32,0,28,65535,37663.6071,465,65070,65535,32971.6562,128,65407,0,0,7,37585.0,0,0,0,0,sybil,0,0,0,0,control,1,16,1,1.0,338,338.0,338,0,1,1,1,0,1,0,24301,1226,537,81,SYBIL_CONTROL_N16_SEED456789,456789,0,0,0,0,0,482,474.25,465,17,0,sybil:control:456789,253,0,0,0,0,0,0,0.0,0,0,1,5,0,1,16,60,0,0,0,0,0,0
0,0,0,0,340,0,0,0,0,0,4,0,4,420,404.25,385,35,420,404.25,385,35,0,0,1,256.0,0,0,0,0,sybil,0,0,0,0,control,0,16,5,5.0,256,256.0,256,0,1,0,0,0,0,0,40683,2392,1080,172,SYBIL_CONTROL_N16_SEED456789,456789,0,0,0,0,0,420,404.25,385,35,0,sybil:control:456789,254,0,0,0,0,0,0,0.0,0,0,1,4,0,0,16,120,0,60,0,0,0,0
0,14,140,140,353,0,0,0,0,0,5,0,4,401,394.0,384,17,401,340.8,128,273,0,0,1,256.0,0,0,0,0,sybil,0,0,0,0,control,0,16,5,5.0,256,256.0,256,0,1,0,0,0,0,0,40371,2467,1092,178,SYBIL_CONTROL_N16_SEED456789,456789,0,0,0,0,0,401,394.0,384,17,0,sybil:control:456789,255,0,0,0,0,0,0,0.0,0,0,1,5,0,0,16,180,0,120,0,0,0,0
0,4,40,40,339,0,0,0,0,0,2,0,2,384,384.0,384,0,384,384.0,384,0,0,0,1,256.0,0,0,0,0,sybil,0,0,0,0,control,0,16,5,5.0,256,256.0,256,0,1,0,0,0,0,0,38137,2348,1043,169,SYBIL_CONTROL_N16_SEED456789,456789,0,0,0,0,0,401,391.75,384,17,0,sybil:control:456789,256,0,0,0,0,0,0,0.0,0,0,1,2,0,0,16,240,0,180,0,0,0,0
0,10,100,100,331,0,0,0,0,0,3,0,2,388,386.5,385,3,388,300.3333,128,260,0,0,0,0.0,0,0,0,0,sybil,0,0,0,0,control,0,16,5,5.0,256,256.0,256,0,1,0,0,0,0,1,37550,2259,1021,166,SYBIL_CONTROL_N16_SEED456789,456789,0,0,0,0,0,388,385.25,384,4,0,sybil:control:456789,257,0,0,0,0,0,0,0.0,0,0,1,3,0,0,16,300,0,240,0,0,0,0
0,10,100,100,340,0,0,0,0,0,0,0,0,0.0,0.0,0.0,0.0,0.0,0.0,0.0,0.0,0,0,0,0.0,0,0,0,0,sybil,0,0,0,0,control,0,16,5,5.0,256,256.0,256,0,1,0,0,0,0,1,38185,2328,1047,169,SYBIL_CONTROL_N16_SEED456789,456789,0,0,0,0,0,388,385.25,384,4,0,sybil:control:456789,258,0,0,0,0,0,0,0.0,0,0,0,0,0,0,16,360,0,300,0,0,0,0
0,4,40,40,336,0,0,0,0,0,1,0,0,0.0,0.0,0.0,0.0,128,128.0,128,0,0,0,0,0.0,0,0,0,0,sybil,0,0,0,0,control,0,16,5,5.0,256,256.0,256,0,1,0,0,0,0,1,37730,2278,1038,173,SYBIL_CONTROL_N16_SEED456789,456789,0,0,0,0,0,388,385.25,384,4,0,sybil:control:456789,259,0,0,0,0,0,0,0.0,0,0,1,1,0,0,16,420,0,360,0,0,0,0
0,14,140,140,339,0,0,0,0,0,1,0,1,384,384.0,384,0,384,384.0,384,0,0,0,1,256.0,0,0,0,0,sybil,0,0,0,0,control,0,16,5,5.0,256,256.0,256,0,1,0,0,0,0,1,38526,2336,1049,170,SYBIL_CONTROL_N16_SEED456789,456789,0,0,0,0,0,388,385.0,384,4,0,sybil:control:456789,260,0,0,0,0,0,0,0.0,0,0,1,1,0,0,16,480,0,420,0,0,0,0
0,3,29,30,330,0,0,0,0,0,1,0,1,384,384.0,384,0,384,384.0,384,0,0,0,0,0.0,0,0,0,0,sybil,0,0,0,0,control,0,16,5,5.0,256,256.0,256,0,1,0,0,0,0,1,36825,2255,1014,165,SYBIL_CONTROL_N16_SEED456789,456789,0,0,0,0,0,388,385.0,384,4,0,sybil:control:456789,261,0,0,0,0,0,0,0.0,0,0,1,1,0,0,16,540,0,480,0,0,0,0
0,0,0,0,176,0,0,0,0,1,34,0,30,65535,35179.7,435,65100,65535,31055.9706,128,65407,0,0,9,29298.8889,0,0,2,0,sybil,0,0,0,0,control,1,16,1,1.0,338,338.0,338,0,1,1,1,0,1,0,26793,1311,591,84,SYBIL_CONTROL_N16_SEED567890,567890,0,0,0,0,0,469,453.0,435,34,0,sybil:control:567890,262,0,0,0,0,0,0,0.0,0,0,1,5,0,1,16,60,0,0,0,0,0,0
0,0,0,0,336,0,0,0,0,0,8,0,7,462,425.2857,384,78,462,388.125,128,334,0,0,1,256.0,0,0,0,0,sybil,0,0,0,0,control,0,16,5,5.0,256,256.0,256,0,1,0,0,0,0,0,39820,2186,1056,169,SYBIL_CONTROL_N16_SEED567890,567890,0,0,0,0,0,435,410.0,384,51,0,sybil:control:567890,263,0,0,0,0,0,0,0.0,0,0,1,5,0,0,16,120,0,60,0,0,0,0
0,14,140,140,338,0,0,0,0,0,4,0,4,412,392.25,384,28,412,392.25,384,28,0,0,1,256.0,0,0,0,0,sybil,0,0,0,0,control,0,16,5,5.0,256,256.0,256,0,1,0,0,0,0,0,38794,2142,1053,169,SYBIL_CONTROL_N16_SEED567890,567890,0,0,0,0,0,412,392.25,384,28,0,sybil:control:567890,264,0,0,0,0,0,0,0.0,0,0,1,4,0,0,16,180,0,120,0,0,0,0
0,4,40,40,344,0,0,0,0,0,3,0,2,384,384.0,384,0,384,298.6667,128,256,0,0,0,0.0,0,0,0,0,sybil,0,0,0,0,control,0,16,5,5.0,256,256.0,256,0,1,0,0,0,0,0,38466,2164,1055,171,SYBIL_CONTROL_N16_SEED567890,567890,0,0,0,0,0,412,392.25,384,28,0,sybil:control:567890,265,0,0,0,0,0,0,0.0,0,0,1,3,0,0,16,240,0,180,0,0,0,0
0,10,100,100,339,0,0,0,0,0,2,0,2,391,387.5,384,7,391,387.5,384,7,0,0,1,256.0,0,0,0,0,sybil,0,0,0,0,control,0,16,5,5.0,256,256.0,256,0,1,0,0,0,0,1,39484,2180,1069,170,SYBIL_CONTROL_N16_SEED567890,567890,0,0,0,0,0,391,385.75,384,7,0,sybil:control:567890,266,0,0,0,0,0,0,0.0,0,0,1,2,0,0,16,300,0,240,0,0,0,0
0,13,130,130,339,0,0,0,0,0,0,0,0,0.0,0.0,0.0,0.0,0.0,0.0,0.0,0.0,0,0,0,0.0,0,0,0,0,sybil,0,0,0,0,control,0,16,5,5.0,256,256.0,256,0,1,0,0,0,0,1,37680,2129,1040,171,SYBIL_CONTROL_N16_SEED567890,567890,0,0,0,0,0,391,385.75,384,7,0,sybil:control:567890,267,0,0,0,0,0,0,0.0,0,0,0,0,0,0,16,360,0,300,0,0,0,0
0,1,10,10,335,0,0,0,0,0,0,0,0,0.0,0.0,0.0,0.0,0.0,0.0,0.0,0.0,0,0,0,0.0,0,0,0,0,sybil,0,0,0,0,control,0,16,5,5.0,256,256.0,256,0,1,0,0,0,0,1,36941,2067,1022,170,SYBIL_CONTROL_N16_SEED567890,567890,0,0,0,0,0,391,385.75,384,7,0,sybil:control:567890,268,0,0,0,0,0,0,0.0,0,0,0,0,0,0,16,420,0,360,0,0,0,0
0,14,140,140,340,0,0,0,0,0,3,0,2,392,388.0,384,8,392,301.3333,128,264,0,0,1,256.0,0,0,0,0,sybil,0,0,0,0,control,0,16,5,5.0,256,256.0,256,0,1,0,0,0,0,1,39293,2165,1065,171,SYBIL_CONTROL_N16_SEED567890,567890,0,0,0,0,0,392,387.75,384,8,0,sybil:control:567890,269,0,0,0,0,0,0,0.0,0,0,1,3,0,0,16,480,0,420,0,0,0,0
0,4,40,40,346,0,0,0,0,0,2,0,2,384,384.0,384,0,384,384.0,384,0,0,0,0,0.0,0,0,0,0,sybil,0,0,0,0,control,0,16,5,5.0,256,256.0,256,0,1,0,0,0,0,1,38749,2149,1062,174,SYBIL_CONTROL_N16_SEED567890,567890,0,0,0,0,0,392,386.0,384,8,0,sybil:control:567890,270,0,0,0,0,0,0,0.0,0,0,1,2,0,0,16,540,0,480,0,0,0,0
